{"stats":{"minecraft:custom":{"minecraft:time_since_rest":152897,"minecraft:open_chest":1,"minecraft:crouch_one_cm":2102,"minecraft:play_one_minute":184609,"minecraft:sprint_one_cm":33608,"minecraft:deaths":3,"minecraft:damage_taken":770,"minecraft:walk_one_cm":74120,"minecraft:sneak_time":5884,"minecraft:mob_kills":7,"minecraft:drop":44,"minecraft:jump":304,"minecraft:damage_dealt":717,"minecraft:leave_game":6,"minecraft:time_since_death":184243,"minecraft:interact_with_crafting_table":1,"minecraft:fall_one_cm":269,"minecraft:fly_one_cm":1695941},"minecraft:dropped":{"minecraft:repeating_command_block":1,"minecraft:command_block":1,"minecraft:ender_pearl":11,"minecraft:stick":31},"minecraft:picked_up":{"minecraft:rotten_flesh":4,"minecraft:gold_nugget":4},"minecraft:killed":{"minecraft:zombified_piglin":6},"minecraft:used":{"minecraft:birch_fence":444,"minecraft:netherite_sword":8,"minecraft:ocelot_spawn_egg":98,"minecraft:jungle_leaves":442,"minecraft:cyan_terracotta":72,"minecraft:cow_spawn_egg":1,"minecraft:lime_concrete":1090,"minecraft:light_blue_concrete":1120,"minecraft:crafting_table":1,"minecraft:command_block":6,"minecraft:light_gray_concrete":254,"minecraft:red_concrete":1101,"minecraft:yellow_concrete":1093,"minecraft:repeating_command_block":6,"minecraft:ender_pearl":10,"minecraft:white_concrete":2331},"minecraft:crafted":{"minecraft:bee_spawn_egg":1}},"DataVersion":2586}