{"stats":{"minecraft:custom":{"minecraft:mob_kills":6,"minecraft:time_since_death":1920,"minecraft:time_since_rest":2013,"minecraft:damage_absorbed":80,"minecraft:walk_one_cm":136804,"minecraft:sprint_one_cm":55733,"minecraft:open_enderchest":3,"minecraft:damage_taken":4924,"minecraft:drop":36,"minecraft:damage_dealt":977,"minecraft:player_kills":2,"minecraft:fly_one_cm":184015,"minecraft:open_chest":2,"minecraft:crouch_one_cm":838,"minecraft:play_time":34716,"minecraft:deaths":12,"minecraft:sneak_time":534,"minecraft:jump":698,"minecraft:walk_on_water_one_cm":2964,"minecraft:total_world_time":34716,"minecraft:fall_one_cm":24323,"minecraft:horse_one_cm":832},"minecraft:killed":{"minecraft:magma_cube":1,"minecraft:wolf":3},"minecraft:mined":{"minecraft:jungle_leaves":1,"minecraft:glass":3,"minecraft:slime_block":10,"minecraft:fire":1,"lucky:lucky_block":30},"minecraft:killed_by":{"minecraft:player":3,"minecraft:creeper":1,"minecraft:zombie":1},"minecraft:dropped":{"minecraft:enchanted_book":6,"minecraft:anvil":1,"minecraft:ender_chest":1,"minecraft:baked_potato":2,"minecraft:blaze_rod":2,"minecraft:golden_horse_armor":4,"minecraft:poisonous_potato":2,"minecraft:ender_eye":1,"minecraft:rabbit_foot":4,"minecraft:leather_helmet":1,"minecraft:pufferfish":1,"minecraft:rabbit_hide":1,"minecraft:diamond_horse_armor":1,"minecraft:leather_chestplate":1,"minecraft:potato":2,"minecraft:birch_fence":2,"minecraft:rabbit":1,"minecraft:gold_nugget":2,"minecraft:glistering_melon_slice":1},"minecraft:used":{"minecraft:golden_boots":2,"minecraft:enchanting_table":1,"minecraft:baked_potato":1,"minecraft:ender_chest":2,"lucky:lucky_sword":5,"minecraft:cookie":2,"minecraft:golden_chestplate":3,"minecraft:diamond_pickaxe":40,"minecraft:string":1,"minecraft:golden_leggings":2,"minecraft:golden_helmet":3,"lucky:lucky_potion":30},"minecraft:picked_up":{"minecraft:enchanting_table":1,"minecraft:leather_chestplate":1,"minecraft:cooked_beef":7,"minecraft:ender_chest":3,"minecraft:magma_cream":2,"minecraft:nether_wart":1,"minecraft:anvil":3,"minecraft:rabbit_stew":1,"minecraft:golden_leggings":2,"minecraft:potato":15,"minecraft:enchanted_book":33,"minecraft:diamond_horse_armor":2,"minecraft:golden_boots":2,"minecraft:lapis_lazuli":16,"minecraft:string":1,"lucky:lucky_bow":2,"lucky:lucky_potion":37,"minecraft:leather_boots":1,"minecraft:pufferfish":1,"minecraft:birch_fence":4,"minecraft:gold_nugget":5,"lucky:lucky_sword":3,"minecraft:rabbit_hide":2,"minecraft:iron_ingot":14,"minecraft:beef":12,"minecraft:ender_eye":2,"minecraft:jungle_sapling":1,"minecraft:poppy":1,"minecraft:rabbit":3,"minecraft:golden_helmet":3,"minecraft:ghast_tear":9,"minecraft:stick":1,"minecraft:poisonous_potato":2,"minecraft:cookie":19,"minecraft:fermented_spider_eye":2,"minecraft:iron_horse_armor":1,"minecraft:spider_eye":2,"minecraft:golden_chestplate":3,"minecraft:rabbit_foot":7,"minecraft:leather_helmet":1,"minecraft:sugar":15,"minecraft:diamond":71,"minecraft:slime_block":43,"minecraft:lever":1,"minecraft:gold_ingot":8,"minecraft:golden_horse_armor":7,"minecraft:glistering_melon_slice":2,"minecraft:emerald":13,"minecraft:baked_potato":6,"minecraft:blaze_rod":4,"minecraft:diamond_pickaxe":1,"minecraft:blaze_powder":2,"minecraft:ender_pearl":2}},"DataVersion":3465}