{"stats":{"minecraft:custom":{"minecraft:open_enderchest":3,"minecraft:time_since_rest":6162,"minecraft:damage_taken":2855,"minecraft:sprint_one_cm":42944,"minecraft:walk_one_cm":95011,"minecraft:damage_absorbed":80,"minecraft:mob_kills":3,"minecraft:drop":29,"minecraft:damage_dealt":731,"minecraft:fly_one_cm":127482,"minecraft:player_kills":1,"minecraft:crouch_one_cm":284,"minecraft:play_time":22716,"minecraft:deaths":8,"minecraft:sneak_time":119,"minecraft:jump":529,"minecraft:time_since_death":6080,"minecraft:walk_on_water_one_cm":1828,"minecraft:total_world_time":22716,"minecraft:fall_one_cm":19003},"minecraft:killed":{"minecraft:wolf":3},"minecraft:mined":{"minecraft:fire":1,"minecraft:jungle_leaves":1,"minecraft:glass":3,"minecraft:slime_block":10,"lucky:lucky_block":13},"minecraft:killed_by":{"minecraft:player":2,"minecraft:creeper":1},"minecraft:dropped":{"minecraft:enchanted_book":6,"minecraft:leather_chestplate":1,"minecraft:diamond_horse_armor":1,"minecraft:potato":2,"minecraft:birch_fence":2,"minecraft:ender_chest":1,"minecraft:baked_potato":2,"minecraft:blaze_rod":2,"minecraft:golden_horse_armor":3,"minecraft:poisonous_potato":2,"minecraft:glistering_melon_slice":1,"minecraft:ender_eye":1,"minecraft:leather_helmet":1,"minecraft:rabbit_foot":4},"minecraft:used":{"minecraft:baked_potato":1,"minecraft:ender_chest":2,"lucky:lucky_sword":4,"minecraft:golden_leggings":1,"minecraft:golden_helmet":1,"minecraft:golden_chestplate":1,"lucky:lucky_potion":13,"minecraft:golden_boots":1},"minecraft:picked_up":{"minecraft:ghast_tear":6,"minecraft:stick":1,"minecraft:leather_chestplate":1,"minecraft:cooked_beef":7,"minecraft:magma_cream":1,"minecraft:nether_wart":1,"minecraft:anvil":2,"minecraft:rabbit_stew":1,"minecraft:golden_leggings":1,"minecraft:poisonous_potato":2,"minecraft:potato":15,"minecraft:enchanted_book":24,"minecraft:diamond_horse_armor":2,"minecraft:cookie":8,"minecraft:golden_boots":1,"minecraft:fermented_spider_eye":2,"minecraft:golden_chestplate":1,"minecraft:spider_eye":2,"minecraft:rabbit_foot":7,"minecraft:iron_horse_armor":1,"minecraft:leather_helmet":1,"lucky:lucky_bow":1,"lucky:lucky_potion":25,"minecraft:leather_boots":1,"minecraft:birch_fence":4,"minecraft:sugar":2,"minecraft:diamond":40,"minecraft:slime_block":43,"minecraft:gold_nugget":4,"minecraft:lever":1,"lucky:lucky_sword":1,"minecraft:beef":12,"minecraft:ender_eye":2,"minecraft:glistering_melon_slice":2,"minecraft:jungle_sapling":1,"minecraft:golden_horse_armor":4,"minecraft:poppy":1,"minecraft:baked_potato":6,"minecraft:rabbit":1,"minecraft:blaze_rod":4,"minecraft:golden_helmet":1,"minecraft:blaze_powder":2,"minecraft:ender_chest":3,"minecraft:ender_pearl":2}},"DataVersion":3465}