{"stats":{"minecraft:custom":{"minecraft:time_since_rest":4597,"minecraft:crouch_one_cm":284,"minecraft:damage_absorbed":80,"minecraft:play_time":10716,"minecraft:sprint_one_cm":25019,"minecraft:walk_one_cm":36924,"minecraft:damage_taken":960,"minecraft:deaths":3,"minecraft:sneak_time":119,"minecraft:drop":2,"minecraft:jump":335,"minecraft:damage_dealt":330,"minecraft:time_since_death":4570,"minecraft:total_world_time":10716,"minecraft:fall_one_cm":10410,"minecraft:fly_one_cm":91507,"minecraft:player_kills":1},"minecraft:mined":{"minecraft:slime_block":9,"lucky:lucky_block":2,"minecraft:jungle_leaves":1},"minecraft:dropped":{"minecraft:enchanted_book":2},"minecraft:used":{"lucky:lucky_potion":9,"lucky:lucky_sword":4},"minecraft:picked_up":{"lucky:lucky_potion":13,"minecraft:stick":1,"minecraft:birch_fence":2,"minecraft:anvil":1,"minecraft:sugar":2,"minecraft:diamond":20,"minecraft:slime_block":13,"lucky:lucky_sword":1,"minecraft:enchanted_book":16,"minecraft:cookie":8,"lucky:lucky_bow":1}},"DataVersion":3465}