{"stats":{"minecraft:used":{"minecraft:stone_sword":129,"minecraft:iron_shovel":93,"minecraft:dried_kelp":7,"minecraft:shield":91,"minecraft:iron_sword":232,"minecraft:iron_chestplate":2,"minecraft:torch":3,"minecraft:dirt":79,"minecraft:jungle_planks":1,"minecraft:golden_chestplate":1,"minecraft:granite":2,"hmag:exp_berry":5,"minecraft:dark_oak_planks":110,"minecraft:wooden_axe":62,"minecraft:iron_axe":49,"minecraft:iron_boots":2,"minecraft:stone_bricks":1,"minecraft:golden_carrot":2,"minecraft:golden_axe":34,"minecraft:water_bucket":1,"minecraft:cobblestone_stairs":2,"minecraft:birch_planks":12,"minecraft:stone_pickaxe":132,"minecraft:oak_planks":7,"minecraft:wooden_pickaxe":12,"minecraft:chainmail_helmet":1,"minecraft:crafting_table":10,"minecraft:red_bed":5,"minecraft:dark_oak_door":2,"minecraft:oak_log":1,"minecraft:apple":3,"minecraft:bread":101,"minecraft:cyan_bed":1,"minecraft:iron_pickaxe":117,"ecologics:coconut_slice":3,"minecraft:wooden_sword":29,"quark:dark_oak_chest":4,"minecraft:cobblestone":54,"minecraft:chainmail_boots":1,"minecraft:oak_boat":13,"minecraft:bucket":1,"minecraft:pumpkin_pie":10,"alexsmobs:animal_dictionary":1,"minecraft:chainmail_leggings":1},"minecraft:picked_up":{"minecraft:crafting_table":2,"minecraft:wheat":24,"minecraft:brown_mushroom":64,"ecologics:seashell":1,"minecraft:oak_stairs":1,"minecraft:stone_brick_stairs":2,"minecraft:string":8,"minecraft:red_bed":5,"collectorsalbum:mythical_card_package":1,"minecraft:beetroot":16,"ecologics:walnut_sapling":5,"minecraft:spruce_planks":6,"minecraft:beef":3,"minecraft:oak_boat":14,"minecraft:player_head":1,"minecraft:calcite":3,"minecraft:melon_slice":44,"minecraft:birch_sapling":4,"minecraft:dark_oak_door":2,"minecraft:dark_oak_sapling":20,"minecraft:stick":15,"minecraft:raw_iron":3,"minecraft:stripped_mangrove_wood":2,"minecraft:stone":34,"minecraft:jukebox":1,"ecologics:walnut_log":4,"ecologics:coconut_slice":4,"minecraft:torch":2,"minecraft:porkchop":10,"collectorsalbum:uncommon_card_package":4,"minecraft:dried_kelp":4,"ancient_elements:raw_tin":6,"minecraft:cherry_log":18,"minecraft:carrot":53,"minecraft:mangrove_trapdoor":1,"minecraft:dark_oak_planks":4,"collectorsalbum:epic_card_package":1,"minecraft:beetroot_seeds":40,"ecologics:coconut_log":31,"minecraft:gold_ingot":25,"minecraft:mutton":2,"minecraft:cobblestone":194,"hmag:spectral_soup":1,"quark:music_disc_wind":1,"collectorsalbum:common_card_package":3,"minecraft:birch_log":30,"ecologics:walnut":4,"minecraft:salmon":2,"ecologics:coconut_planks":2,"minecraft:potato":32,"minecraft:oak_log":10,"minecraft:dirt":129,"lootr:trophy":1,"minecraft:name_tag":1,"collectorsalbum:legendary_card_package":3,"minecraft:cooked_mutton":1,"minecraft:smooth_sandstone":2,"minecraft:bone":31,"minecraft:stone_bricks":1,"minecraft:wheat_seeds":88,"artifacts:kitty_slippers":1,"minecraft:mossy_stone_bricks":1,"minecraft:oak_planks":31,"ancient_elements:aether_rod":4,"hmag:soul_powder":2,"minecraft:jungle_planks":1,"ecologics:coconut_husk":5,"minecraft:cyan_bed":1,"collectorsalbum:rare_card_package":2,"minecraft:dark_oak_log":41,"minecraft:spider_eye":1,"alexsmobs:animal_dictionary":1,"minecraft:granite":2,"minecraft:cherry_sapling":5,"minecraft:golden_apple":2,"minecraft:spruce_sign":1,"minecraft:bread":64,"minecraft:terracotta":6,"minecraft:oak_sapling":6,"minecraft:black_wool":5,"minecraft:coal":7},"minecraft:mined":{"minecraft:dark_oak_planks":4,"minecraft:spruce_planks":2,"minecraft:dark_oak_leaves":2,"minecraft:cherry_log":21,"minecraft:dark_oak_log":51,"biomemakeover:ancient_oak_leaves":2,"minecraft:granite":2,"minecraft:grass_block":61,"minecraft:jungle_planks":1,"ancient_elements:meteorite_block":1,"minecraft:mangrove_trapdoor":1,"ecologics:coconut_log":11,"minecraft:sandstone":4,"minecraft:spawner":7,"minecraft:carrots":16,"minecraft:iron_ore":4,"ancient_elements:tin_ore":5,"minecraft:potatoes":10,"minecraft:oak_stairs":1,"minecraft:stripped_jungle_log":2,"ecologics:walnut_log":4,"minecraft:stripped_mangrove_wood":2,"minecraft:stone":194,"minecraft:player_head":1,"minecraft:tripwire":4,"minecraft:jungle_trapdoor":2,"minecraft:red_bed":5,"minecraft:smooth_sandstone":2,"minecraft:crafting_table":2,"minecraft:torch":1,"minecraft:calcite":3,"minecraft:melon":8,"minecraft:spruce_wall_sign":1,"minecraft:tall_grass":5,"minecraft:cobblestone":14,"minecraft:cyan_bed":1,"minecraft:blue_terracotta":1,"ecologics:seashell":1,"minecraft:birch_log":33,"minecraft:wheat":41,"minecraft:jukebox":1,"minecraft:birch_leaves":3,"minecraft:stone_brick_stairs":2,"minecraft:grass":11,"minecraft:oak_log":10,"minecraft:beetroots":15,"minecraft:sunflower":1,"minecraft:smooth_quartz":1,"minecraft:dirt":54,"minecraft:cobweb":5,"minecraft:cracked_stone_bricks":1,"minecraft:terracotta":3,"minecraft:stone_bricks":1,"minecraft:mossy_stone_bricks":1,"minecraft:oak_leaves":12,"minecraft:fern":1},"minecraft:killed":{"minecraft:spider":4,"minecraft:skeleton":21,"hmag:zombie_girl":1,"minecraft:magma_cube":6,"minecraft:husk":9,"hmag:ghost":1,"minecraft:pig":4,"ancient_elements:aetherial_glaze":2,"minecraft:zombie":4,"creeperoverhaul:ocean_creeper":1,"minecraft:mooshroom":1},"minecraft:broken":{"minecraft:stone_sword":1,"minecraft:stone_pickaxe":1,"minecraft:shield":2,"minecraft:golden_axe":1,"minecraft:wooden_axe":1},"minecraft:custom":{"lootr:looted_stat":112,"minecraft:mob_kills":60,"minecraft:interact_with_crafting_table":28,"minecraft:damage_dealt_resisted":673,"minecraft:leave_game":6,"minecraft:time_since_death":12802,"minecraft:climb_one_cm":40359,"minecraft:damage_blocked_by_shield":2670,"minecraft:sprint_one_cm":765325,"minecraft:walk_one_cm":813741,"minecraft:drop":55,"minecraft:talked_to_villager":2,"minecraft:play_time":265660,"minecraft:deaths":62,"minecraft:sneak_time":10328,"minecraft:walk_under_water_one_cm":22853,"minecraft:boat_one_cm":961446,"minecraft:jump":4856,"minecraft:walk_on_water_one_cm":24895,"minecraft:total_world_time":265660,"minecraft:interact_with_furnace":1,"minecraft:sleep_in_bed":9,"minecraft:time_since_rest":12833,"minecraft:damage_taken":28543,"minecraft:damage_dealt":13133,"minecraft:player_kills":1,"minecraft:swim_one_cm":55696,"minecraft:fly_one_cm":1178958,"minecraft:open_chest":12,"minecraft:crouch_one_cm":25576,"minecraft:fall_one_cm":263013,"minecraft:inspect_dispenser":1},"minecraft:dropped":{"minecraft:iron_sword":1,"minecraft:brown_mushroom":64,"minecraft:wheat_seeds":3,"ecologics:coconut_slice":1,"minecraft:coal":4,"minecraft:stick":2,"minecraft:gray_wool":3,"quark:music_disc_wind":1,"minecraft:melon_slice":1,"hmag:spectral_soup":1,"minecraft:dried_kelp":4,"minecraft:oak_stairs":1,"collectorsalbum:uncommon_card_package":3,"minecraft:string":5,"minecraft:smooth_sandstone":2,"ecologics:walnut_log":4,"minecraft:gold_ingot":50,"minecraft:dark_oak_door":2,"ecologics:coconut_planks":2,"hmag:soul_powder":2,"minecraft:golden_chestplate":1,"alexsmobs:animal_dictionary":1,"minecraft:wheat":24,"ecologics:coconut_log":29,"minecraft:beetroot":16,"minecraft:name_tag":2,"collectorsalbum:common_card_package":1,"ancient_elements:raw_tin":6,"supplementaries:ash":1,"minecraft:stone":34,"ecologics:coconut_husk":3,"collectorsalbum:legendary_card_package":1,"minecraft:oak_sapling":9,"minecraft:spider_eye":1,"minecraft:wooden_pickaxe":1,"ecologics:seashell":1,"minecraft:black_wool":5,"minecraft:terracotta":3},"minecraft:crafted":{"minecraft:wooden_sword":1,"minecraft:oak_planks":36,"ecologics:coconut_planks":8,"minecraft:cobblestone_stairs":4,"quark:dark_oak_chest":4,"minecraft:dark_oak_door":3,"minecraft:iron_axe":1,"minecraft:stone_pickaxe":1,"minecraft:dark_oak_planks":164,"minecraft:crafting_table":8,"minecraft:wooden_pickaxe":1,"minecraft:iron_sword":2,"minecraft:bucket":1,"minecraft:birch_planks":56,"minecraft:shield":3,"minecraft:stick":12,"minecraft:iron_pickaxe":3,"minecraft:wooden_axe":1,"minecraft:stone_sword":1,"minecraft:iron_shovel":1},"minecraft:killed_by":{"minecraft:player":3,"minecraft:wither_skeleton":1,"minecraft:creeper":1,"minecraft:spider":1,"ancient_elements:aetherial_glaze":2,"minecraft:skeleton":51}},"DataVersion":3465}