{"stats":{"minecraft:custom":{"minecraft:jump":571,"minecraft:time_since_rest":7749,"minecraft:leave_game":1,"minecraft:crouch_one_cm":11,"minecraft:walk_on_water_one_cm":454,"minecraft:deaths":4,"minecraft:sprint_one_cm":84270,"minecraft:play_time":14461,"minecraft:damage_taken":1190,"minecraft:time_since_death":7747,"minecraft:walk_one_cm":21408,"minecraft:sneak_time":199,"minecraft:climb_one_cm":6880,"minecraft:total_world_time":14461,"minecraft:fall_one_cm":11712,"minecraft:fly_one_cm":127983}},"DataVersion":2730}