{"stats":{"minecraft:crafted":{"minecraft:filled_map":4},"minecraft:picked_up":{"minecraft:ladder":4,"minecraft:wooden_sword":1,"minecraft:item_frame":7,"minecraft:stick":1,"minecraft:big_dripleaf":1,"minecraft:stone_sword":1,"minecraft:white_terracotta":1,"minecraft:polished_blackstone":1,"minecraft:filled_map":10,"minecraft:lantern":6,"minecraft:apple":2,"minecraft:kelp":408,"minecraft:sand":6,"minecraft:polished_blackstone_button":1,"minecraft:birch_sign":8,"minecraft:oak_sapling":5,"minecraft:chorus_fruit":5},"minecraft:dropped":{"minecraft:polished_blackstone":3,"minecraft:barrier":1,"minecraft:purple_concrete":2,"minecraft:lantern":1,"minecraft:red_stained_glass":1,"minecraft:grass_block":1,"minecraft:map":1,"minecraft:wooden_sword":1,"minecraft:stone_sword":2,"minecraft:oak_planks":1,"minecraft:white_terracotta":1,"minecraft:filled_map":3,"minecraft:snow":1,"minecraft:birch_sign":1,"minecraft:white_glazed_terracotta":1},"minecraft:used":{"minecraft:oak_trapdoor":9,"minecraft:purpur_block":42,"minecraft:rose_bush":6,"minecraft:jungle_leaves":23,"minecraft:polished_blackstone_brick_slab":6,"minecraft:writable_book":3,"minecraft:iron_bars":92,"minecraft:chiseled_deepslate":21,"minecraft:white_tulip":2,"minecraft:acacia_log":10,"minecraft:dead_bush":6,"minecraft:orange_concrete":210,"minecraft:flint_and_steel":10,"minecraft:smooth_quartz_slab":163,"minecraft:redstone_ore":18,"minecraft:red_concrete":297,"minecraft:spruce_slab":5,"minecraft:polished_blackstone":1750,"minecraft:poppy":5,"minecraft:ladder":72,"minecraft:oak_sign":12,"minecraft:white_concrete_powder":1,"minecraft:spruce_planks":744,"minecraft:chest":2,"minecraft:tinted_glass":60,"minecraft:white_terracotta":760,"minecraft:stone":196,"minecraft:brown_concrete":75,"minecraft:quartz_stairs":118,"minecraft:polished_blackstone_wall":4,"minecraft:smooth_sandstone_stairs":4,"minecraft:orange_stained_glass":226,"minecraft:white_candle":24,"minecraft:spruce_leaves":7,"minecraft:torch":24,"minecraft:soul_sand":4,"minecraft:dirt":50,"minecraft:anvil":2,"minecraft:lily_of_the_valley":9,"minecraft:blue_stained_glass":85,"minecraft:brick_slab":241,"minecraft:jungle_planks":7,"minecraft:spruce_stairs":11,"minecraft:cobblestone_wall":106,"minecraft:allium":7,"minecraft:deepslate_brick_slab":66,"minecraft:tuff":11,"minecraft:light_blue_stained_glass":108,"minecraft:granite":7,"minecraft:spruce_fence":50,"minecraft:blue_concrete":201,"minecraft:azure_bluet":5,"minecraft:obsidian":14,"minecraft:polished_diorite":10,"minecraft:big_dripleaf":3,"minecraft:jungle_sapling":12,"minecraft:polished_blackstone_slab":26,"minecraft:glass":383,"minecraft:stone_brick_slab":76,"minecraft:dark_oak_planks":15,"minecraft:packed_ice":81,"minecraft:sea_lantern":437,"minecraft:coal_ore":7,"minecraft:light_gray_stained_glass":12,"minecraft:red_tulip":11,"minecraft:bookshelf":12,"minecraft:yellow_stained_glass":545,"minecraft:grass_block":565,"minecraft:iron_block":27,"minecraft:oak_stairs":14,"minecraft:filled_map":2,"minecraft:lantern":351,"minecraft:deepslate_copper_ore":17,"minecraft:blue_orchid":12,"minecraft:slime_block":59,"minecraft:smooth_sandstone":605,"minecraft:jungle_log":14,"minecraft:copper_ore":13,"minecraft:polished_blackstone_brick_stairs":20,"minecraft:dark_oak_slab":22,"minecraft:mossy_cobblestone_slab":17,"minecraft:smooth_quartz":1315,"minecraft:lime_dye":1,"minecraft:diorite_wall":5,"minecraft:crimson_planks":87,"minecraft:prismarine_slab":70,"minecraft:stone_brick_stairs":209,"minecraft:stone_bricks":83,"minecraft:item_frame":45,"minecraft:birch_button":2,"minecraft:bedrock":4,"minecraft:tripwire_hook":6,"minecraft:purple_concrete":222,"minecraft:glowstone":183,"minecraft:waxed_cut_copper_slab":2,"minecraft:lime_concrete":206,"minecraft:snow":79,"minecraft:black_stained_glass":53,"minecraft:emerald_block":28,"minecraft:iron_trapdoor":19,"minecraft:lime_stained_glass":117,"minecraft:yellow_glazed_terracotta":37,"minecraft:furnace":1,"minecraft:white_stained_glass_pane":62,"minecraft:gold_block":237,"minecraft:acacia_planks":21,"minecraft:mossy_stone_brick_wall":6,"minecraft:polished_blackstone_stairs":114,"minecraft:deepslate_brick_wall":75,"minecraft:calcite":12,"minecraft:quartz_bricks":94,"minecraft:wheat_seeds":14,"minecraft:emerald_ore":18,"minecraft:dark_oak_stairs":56,"minecraft:water_bucket":127,"minecraft:mossy_stone_bricks":6,"minecraft:pink_tulip":7,"minecraft:diorite":8,"minecraft:end_rod":44,"minecraft:amethyst_block":666,"minecraft:end_stone_bricks":83,"minecraft:iron_ore":7,"minecraft:cobblestone_stairs":58,"minecraft:dirt_path":87,"minecraft:spruce_door":14,"minecraft:snow_block":117,"minecraft:birch_planks":8,"minecraft:red_stained_glass":79,"minecraft:birch_leaves":307,"minecraft:polished_andesite":8,"minecraft:oak_planks":441,"minecraft:cartography_table":2,"minecraft:smooth_sandstone_slab":41,"minecraft:orange_tulip":8,"minecraft:copper_block":16,"minecraft:cactus":115,"minecraft:sandstone":160,"minecraft:white_dye":77,"minecraft:magenta_stained_glass":35,"minecraft:beacon":9,"minecraft:glow_ink_sac":80,"minecraft:cobblestone_slab":129,"minecraft:gold_ore":18,"minecraft:purpur_pillar":168,"minecraft:deepslate_bricks":105,"minecraft:smooth_quartz_stairs":129,"minecraft:waxed_copper_block":120,"minecraft:polished_blackstone_bricks":159,"minecraft:oak_leaves":312,"minecraft:pink_concrete":42,"minecraft:glow_item_frame":1,"minecraft:mossy_cobblestone":41,"minecraft:diamond_block":9,"minecraft:sand":78,"minecraft:vine":8,"minecraft:light_blue_concrete":460,"minecraft:cut_sandstone_slab":8,"minecraft:oak_slab":4,"minecraft:crafting_table":4,"minecraft:loom":1,"minecraft:birch_sign":150,"minecraft:blast_furnace":1,"minecraft:yellow_concrete":341,"minecraft:blue_ice":27,"minecraft:stone_brick_wall":5,"minecraft:painting":3,"minecraft:cobbled_deepslate_stairs":28,"minecraft:spruce_log":265,"minecraft:warped_planks":34,"minecraft:deepslate_brick_stairs":100,"minecraft:purple_stained_glass":16,"minecraft:birch_fence":4,"minecraft:deepslate_tiles":43,"minecraft:redstone_torch":11,"minecraft:oak_log":54,"minecraft:flower_pot":9,"minecraft:netherite_block":22,"minecraft:wooden_hoe":16,"minecraft:blue_glazed_terracotta":40,"minecraft:yellow_dye":2,"minecraft:black_concrete":122,"minecraft:cornflower":1,"minecraft:oxeye_daisy":18,"minecraft:chiseled_sandstone":1,"minecraft:dark_oak_log":17,"minecraft:command_block":396,"minecraft:deepslate_iron_ore":12,"minecraft:string":6,"minecraft:brown_stained_glass":3,"minecraft:barrier":75,"minecraft:map":19,"minecraft:stone_button":6,"minecraft:lapis_ore":17,"minecraft:white_glazed_terracotta":139,"minecraft:magenta_concrete":4,"minecraft:stone_slab":38,"minecraft:polished_granite":8,"minecraft:spruce_trapdoor":1,"minecraft:diamond_ore":19,"minecraft:deepslate":12,"minecraft:lilac":4,"minecraft:soul_lantern":42,"minecraft:cobblestone":237,"minecraft:andesite":11,"minecraft:white_banner":2,"minecraft:bucket":1,"minecraft:lapis_block":8,"minecraft:chain":43,"minecraft:dark_oak_fence":12,"minecraft:chain_command_block":6,"minecraft:birch_log":59,"minecraft:white_stained_glass":23,"minecraft:sandstone_slab":70,"minecraft:deepslate_coal_ore":11,"minecraft:glass_pane":69,"minecraft:pink_stained_glass":5,"minecraft:smooth_stone_slab":7,"minecraft:polished_blackstone_button":114,"minecraft:white_concrete":659,"minecraft:kelp":413,"minecraft:warped_button":21,"minecraft:dandelion":6,"minecraft:smooth_stone":51,"minecraft:bone_meal":44,"minecraft:cobweb":23,"minecraft:soul_torch":20,"minecraft:gray_stained_glass":8},"minecraft:custom":{"minecraft:interact_with_anvil":3,"minecraft:interact_with_crafting_table":4,"minecraft:leave_game":53,"minecraft:time_since_death":82804,"minecraft:climb_one_cm":30756,"minecraft:sprint_one_cm":469456,"minecraft:walk_one_cm":2473212,"minecraft:drop":21,"minecraft:play_time":2248704,"minecraft:deaths":75,"minecraft:sneak_time":38637,"minecraft:walk_under_water_one_cm":186258,"minecraft:jump":4393,"minecraft:walk_on_water_one_cm":13211,"minecraft:total_world_time":2342659,"minecraft:interact_with_loom":1,"minecraft:pot_flower":8,"minecraft:time_since_rest":82805,"minecraft:damage_taken":3680,"minecraft:interact_with_beacon":5,"minecraft:fly_one_cm":11590350,"minecraft:open_chest":1,"minecraft:crouch_one_cm":13998,"minecraft:fall_one_cm":22994}},"DataVersion":2730}