{"stats":{"minecraft:custom":{"minecraft:jump":1011,"minecraft:time_since_rest":29295,"minecraft:leave_game":1,"minecraft:crouch_one_cm":308,"minecraft:deaths":10,"minecraft:walk_on_water_one_cm":1866,"minecraft:sprint_one_cm":141976,"minecraft:play_time":44747,"minecraft:damage_taken":2760,"minecraft:time_since_death":29291,"minecraft:walk_one_cm":25021,"minecraft:sneak_time":141,"minecraft:climb_one_cm":7627,"minecraft:total_world_time":44747,"minecraft:walk_under_water_one_cm":35,"minecraft:swim_one_cm":22150,"minecraft:fall_one_cm":34897,"minecraft:fly_one_cm":236027}},"DataVersion":2730}