{"stats":{"minecraft:custom":{"minecraft:jump":983,"minecraft:time_since_rest":723,"minecraft:leave_game":1,"minecraft:crouch_one_cm":625,"minecraft:walk_on_water_one_cm":1018,"minecraft:deaths":6,"minecraft:sprint_one_cm":98692,"minecraft:play_time":42070,"minecraft:damage_taken":1670,"minecraft:time_since_death":722,"minecraft:walk_one_cm":24393,"minecraft:sneak_time":144,"minecraft:climb_one_cm":5030,"minecraft:total_world_time":42070,"minecraft:walk_under_water_one_cm":2384,"minecraft:swim_one_cm":19453,"minecraft:fall_one_cm":33754,"minecraft:fly_one_cm":227669}},"DataVersion":2730}