{"stats":{"minecraft:custom":{"minecraft:jump":619,"minecraft:time_since_rest":11083,"minecraft:damage_taken":2100,"minecraft:leave_game":3,"minecraft:crouch_one_cm":788,"minecraft:play_time":19025,"minecraft:time_since_death":11082,"minecraft:sprint_one_cm":49807,"minecraft:walk_one_cm":15081,"minecraft:walk_on_water_one_cm":405,"minecraft:deaths":7,"minecraft:sneak_time":206,"minecraft:total_world_time":19025,"minecraft:climb_one_cm":4956,"minecraft:fall_one_cm":20507,"minecraft:fly_one_cm":115760}},"DataVersion":2730}