{"stats":{"minecraft:killed_by":{"minecraft:evoker":1,"minecraft:wither_skeleton":4,"hmag:zombie_girl":1,"minecraft:drowned":1,"minecraft:vindicator":2,"ancient_elements:aetherial_glaze":9,"minecraft:vex":1,"minecraft:husk":1,"minecraft:player":1,"minecraft:hoglin":1,"minecraft:skeleton":19,"hmag:skeleton_girl":1},"minecraft:killed":{"minecraft:cave_spider":3,"minecraft:spider":2,"creeperoverhaul:bamboo_creeper":1,"minecraft:skeleton":50,"alexsmobs:orca":1,"ecologics:coconut_crab":1,"minecraft:magma_cube":2,"minecraft:sheep":6,"naturalist:hippo":1,"minecraft:pillager":15,"minecraft:zombie":16,"alexsmobs:tarantula_hawk":1,"minecraft:vindicator":1,"minecraft:phantom":1,"naturalist:deer":1,"minecraft:drowned":1,"naturalist:giraffe":1,"minecraft:husk":23,"hmag:ghost":1,"ancient_elements:aetherial_glaze":2,"minecraft:villager":1},"minecraft:broken":{"minecraft:iron_shovel":1,"minecraft:diamond_helmet":1,"minecraft:diamond_boots":1,"minecraft:iron_sword":1,"minecraft:wooden_axe":1,"minecraft:iron_helmet":1},"minecraft:picked_up":{"minecraft:wooden_axe":2,"minecraft:iron_chestplate":3,"minecraft:anvil":1,"minecraft:smithing_table":1,"minecraft:potion":1,"biomemakeover:ancient_oak_slab":3,"minecraft:lapis_block":6,"minecraft:string":4,"biomemakeover:cladded_chestplate":2,"minecraft:iron_leggings":2,"minecraft:shroomlight":1,"minecraft:gold_nugget":8,"alexsmobs:banana":5,"minecraft:bucket":2,"minecraft:spruce_planks":4,"minecraft:rose_bush":4,"hmag:cureberry":1,"minecraft:smooth_quartz":7,"minecraft:iron_pickaxe":1,"minecraft:melon_slice":4,"minecraft:coal_block":25,"minecraft:stick":58,"quark:hollow_jungle_log":3,"minecraft:jukebox":2,"minecraft:torch":37,"minecraft:spruce_stairs":3,"minecraft:porkchop":6,"collectorsalbum:uncommon_card_package":6,"minecraft:lightning_rod":1,"minecraft:diorite":4,"morevillagers:hunting_post":1,"minecraft:golden_chestplate":1,"minecraft:bamboo_block":24,"collectorsalbum:epic_card_package":5,"minecraft:rotten_flesh":4,"supplementaries:ash":5,"minecraft:cod":1,"minecraft:iron_bars":7,"hmag:spectral_soup":1,"minecraft:cobblestone":169,"minecraft:birch_log":20,"minecraft:magma_block":4,"minecraft:oxidized_copper":3,"minecraft:feather":1,"minecraft:lilac":1,"minecraft:repeater":1,"minecraft:iron_door":3,"minecraft:water_bucket":1,"minecraft:andesite":8,"minecraft:jungle_log":672,"minecraft:black_bed":1,"minecraft:golden_leggings":1,"minecraft:chiseled_quartz_block":1,"minecraft:flint":2,"minecraft:lapis_lazuli":1,"minecraft:dirt":647,"minecraft:cut_sandstone_slab":2,"minecraft:polished_granite":2,"biomemakeover:crude_fragment":3,"minecraft:bone":74,"supplementaries:cartographers_quill":1,"minecraft:bow":2,"minecraft:wheat_seeds":39,"biomemakeover:cladded_leggings":1,"biomemakeover:illunite_shard":1,"minecraft:dark_oak_sign":6,"minecraft:bamboo":1045,"minecraft:rabbit":1,"minecraft:oak_planks":51,"minecraft:mossy_stone_brick_stairs":1,"ancient_elements:aether_rod":2,"hmag:soul_powder":3,"minecraft:stripped_acacia_wood":8,"minecraft:sand":1,"minecraft:jungle_planks":207,"ecologics:coconut_husk":1,"minecraft:ink_sac":5,"minecraft:cyan_bed":1,"minecraft:jungle_slab":141,"minecraft:mossy_cobblestone":2,"minecraft:light_gray_concrete":1,"minecraft:dark_prismarine_slab":1,"minecraft:diamond":9,"minecraft:granite":17,"minecraft:golden_apple":3,"minecraft:emerald":1,"minecraft:oak_sapling":16,"minecraft:dark_oak_fence":3,"minecraft:bricks":10,"minecraft:diamond_pickaxe":1,"minecraft:cocoa_beans":12,"minecraft:waxed_oxidized_cut_copper":1,"minecraft:crafting_table":5,"minecraft:clay_ball":6,"naturalist:venison":2,"minecraft:brown_mushroom":4,"minecraft:stone_brick_wall":1,"biomemakeover:ancient_oak_log":5,"minecraft:gold_block":2,"morevillagers:woodworking_table":1,"minecraft:shield":1,"minecraft:red_bed":3,"minecraft:moss_carpet":4,"collectorsalbum:mythical_card_package":1,"minecraft:white_carpet":5,"minecraft:iron_shovel":2,"supplementaries:bomb":2,"morevillagers:gardening_table":1,"minecraft:dark_prismarine_stairs":3,"minecraft:mossy_cobblestone_wall":26,"minecraft:beef":3,"minecraft:oak_boat":12,"minecraft:jungle_sapling":72,"minecraft:light_gray_wool":1,"minecraft:spruce_slab":4,"minecraft:tinted_glass":2,"minecraft:birch_sapling":3,"minecraft:dark_oak_sapling":3,"minecraft:raw_iron":23,"minecraft:sandstone":24,"ecologics:coconut_slice":23,"minecraft:copper_ingot":1,"quark:jungle_chest":1,"sophisticatedbackpacks:backpack":4,"minecraft:redstone":1,"minecraft:prismarine_crystals":6,"minecraft:dark_oak_planks":15,"minecraft:tnt":4,"minecraft:arrow":5,"biomemakeover:altar":1,"minecraft:cut_copper":10,"minecraft:hay_block":86,"minecraft:gold_ingot":4,"minecraft:mutton":10,"minecraft:skeleton_skull":1,"minecraft:white_wool":6,"collectorsalbum:common_card_package":5,"minecraft:jungle_boat":1,"minecraft:mud_bricks":1,"minecraft:clock":1,"minecraft:cut_sandstone":1,"minecraft:red_glazed_terracotta":1,"minecraft:jungle_fence":6,"minecraft:red_mushroom":5,"minecraft:birch_planks":35,"alexsmobs:cachalot_whale_tooth":1,"minecraft:packed_mud":1,"minecraft:oak_log":32,"minecraft:gunpowder":33,"minecraft:orange_terracotta":1,"minecraft:red_carpet":2,"minecraft:apple":36,"minecraft:stone_bricks":3,"minecraft:kelp":8,"minecraft:iron_ingot":24,"artifacts:kitty_slippers":1,"minecraft:stripped_oak_wood":3,"minecraft:iron_sword":1,"minecraft:flowering_azalea":1,"minecraft:bamboo_planks":2,"minecraft:quartz":19,"minecraft:dandelion":1,"minecraft:gravel":5,"minecraft:white_bed":6,"collectorsalbum:rare_card_package":8,"minecraft:brick_slab":1,"alexsmobs:raw_catfish":1,"minecraft:iron_helmet":2,"minecraft:diamond_axe":2,"minecraft:painting":1,"minecraft:lodestone":1,"minecraft:terracotta":57,"minecraft:baked_potato":25,"minecraft:black_wool":1,"minecraft:dark_oak_wood":10,"minecraft:coal":67},"minecraft:custom":{"lootr:looted_stat":175,"minecraft:interact_with_crafting_table":76,"minecraft:open_barrel":2,"minecraft:leave_game":6,"minecraft:time_since_death":2545,"minecraft:sprint_one_cm":1942643,"minecraft:damage_blocked_by_shield":1760,"minecraft:drop":229,"minecraft:talked_to_villager":2,"minecraft:play_time":691613,"minecraft:deaths":49,"minecraft:jump":7172,"minecraft:walk_on_water_one_cm":80909,"minecraft:interact_with_furnace":17,"minecraft:sleep_in_bed":7,"minecraft:open_enderchest":1,"minecraft:damage_dealt":31333,"minecraft:player_kills":1,"minecraft:crouch_one_cm":72014,"minecraft:interact_with_smoker":1,"minecraft:inspect_dispenser":1,"minecraft:interact_with_smithing_table":1,"minecraft:mob_kills":134,"minecraft:inspect_hopper":1,"minecraft:damage_dealt_resisted":788,"minecraft:climb_one_cm":66037,"minecraft:walk_one_cm":1709958,"minecraft:sneak_time":35882,"minecraft:walk_under_water_one_cm":132211,"minecraft:boat_one_cm":2230745,"minecraft:total_world_time":691613,"minecraft:tune_noteblock":3,"minecraft:time_since_rest":2608,"minecraft:damage_absorbed":80,"minecraft:damage_taken":23776,"minecraft:swim_one_cm":210595,"minecraft:fly_one_cm":1433238,"minecraft:open_chest":70,"minecraft:fall_one_cm":246508},"minecraft:mined":{"minecraft:dark_oak_planks":15,"minecraft:dark_prismarine_stairs":3,"minecraft:cut_sandstone_slab":2,"minecraft:spruce_planks":3,"minecraft:white_bed":3,"biomemakeover:wild_mushrooms":2,"minecraft:jungle_slab":124,"minecraft:jungle_leaves":4,"minecraft:cave_vines_plant":1,"minecraft:granite":17,"minecraft:stripped_crimson_hyphae":1,"minecraft:stone_brick_wall":1,"minecraft:grass_block":281,"minecraft:jungle_log":723,"minecraft:purple_stained_glass_pane":1,"minecraft:coal_block":22,"minecraft:bamboo_block":27,"minecraft:spawner":11,"minecraft:magma_block":2,"minecraft:iron_ore":20,"minecraft:fire":3,"minecraft:moss_carpet":1,"minecraft:anvil":1,"minecraft:dirt_path":3,"minecraft:iron_bars":5,"minecraft:spruce_slab":1,"minecraft:tripwire":3,"minecraft:red_bed":2,"minecraft:orange_terracotta":1,"minecraft:chiseled_quartz_block":1,"minecraft:torch":10,"minecraft:mossy_cobblestone_wall":28,"minecraft:oxidized_copper":5,"minecraft:white_stained_glass_pane":2,"minecraft:cobblestone":6,"minecraft:cyan_bed":1,"minecraft:oak_planks":50,"minecraft:bricks":10,"minecraft:iron_door":3,"minecraft:wall_torch":16,"quark:hollow_jungle_log":2,"minecraft:repeater":1,"minecraft:bamboo_planks":2,"minecraft:birch_log":20,"minecraft:tinted_glass":2,"minecraft:lapis_block":6,"minecraft:lilac":1,"minecraft:stripped_oak_wood":6,"minecraft:light_gray_wool":1,"minecraft:black_bed":1,"minecraft:grass":207,"minecraft:oak_log":32,"minecraft:dirt":367,"minecraft:sand":1,"minecraft:smooth_quartz":8,"minecraft:netherrack":2,"minecraft:oak_leaves":20,"minecraft:light_gray_stained_glass_pane":1,"minecraft:dark_oak_leaves":7,"minecraft:mossy_cobblestone":2,"biomemakeover:ancient_oak_log":4,"minecraft:dark_oak_log":1,"biomemakeover:ancient_oak_leaves":1,"minecraft:sea_lantern":1,"minecraft:dark_oak_fence":3,"morevillagers:gardening_table":1,"minecraft:jungle_planks":208,"quark:jungle_chest":1,"minecraft:sandstone":13,"morevillagers:woodworking_table":1,"minecraft:hay_block":79,"minecraft:waxed_oxidized_cut_copper":1,"minecraft:packed_mud":1,"minecraft:andesite":9,"minecraft:gold_block":1,"biomemakeover:altar":1,"minecraft:deepslate_iron_ore":2,"minecraft:vine":55,"minecraft:bamboo_sapling":3,"minecraft:bamboo":172,"minecraft:stone":152,"minecraft:smithing_table":1,"minecraft:flowering_azalea":1,"minecraft:dandelion":1,"minecraft:polished_granite":2,"minecraft:smooth_sandstone":1,"minecraft:crafting_table":4,"minecraft:rose_bush":3,"minecraft:campfire":1,"minecraft:lightning_rod":1,"minecraft:tall_grass":6,"minecraft:red_glazed_terracotta":1,"minecraft:birch_planks":2,"minecraft:brick_slab":1,"minecraft:white_carpet":1,"minecraft:birch_leaves":12,"minecraft:jungle_fence":6,"biomemakeover:ancient_oak_fence":1,"minecraft:dark_prismarine_slab":1,"biomemakeover:ancient_oak_slab":4,"minecraft:coal_ore":56,"minecraft:cocoa":1,"minecraft:gravel":5,"minecraft:lodestone":1,"minecraft:cobweb":14,"minecraft:cracked_stone_bricks":1,"minecraft:terracotta":10,"minecraft:stone_bricks":3,"minecraft:fern":43},"minecraft:used":{"minecraft:moss_carpet":1,"minecraft:iron_shovel":641,"minecraft:shield":36,"minecraft:iron_sword":454,"minecraft:iron_chestplate":3,"minecraft:oxidized_cut_copper":49,"minecraft:cut_copper":3,"minecraft:jungle_planks":388,"minecraft:jungle_slab":558,"minecraft:obsidian":2,"minecraft:bricks":5,"minecraft:lantern":24,"minecraft:bow":36,"supplementaries:ash":1,"minecraft:diamond_boots":1,"minecraft:oak_planks":112,"minecraft:redstone_block":1,"minecraft:diamond_axe":1471,"minecraft:jungle_boat":2,"minecraft:golden_apple":3,"minecraft:black_bed":1,"morevillagers:gardening_table":1,"minecraft:bread":147,"ecologics:coconut_slice":2,"minecraft:diamond_sword":301,"minecraft:coal_block":6,"minecraft:stripped_oak_wood":3,"minecraft:dark_oak_fence":3,"minecraft:andesite":4,"minecraft:mossy_cobblestone_wall":18,"minecraft:oak_boat":12,"biomemakeover:cladded_chestplate":1,"quark:jungle_chest":6,"minecraft:spruce_planks":2,"minecraft:torch":42,"minecraft:dirt":447,"minecraft:diamond_helmet":1,"minecraft:granite":2,"minecraft:shroomlight":1,"minecraft:dark_oak_planks":15,"minecraft:wooden_axe":88,"minecraft:jungle_log":339,"minecraft:mud_bricks":1,"minecraft:bamboo":160,"minecraft:light_gray_wool":1,"minecraft:golden_carrot":11,"minecraft:bamboo_planks":176,"minecraft:iron_leggings":3,"minecraft:water_bucket":90,"minecraft:birch_planks":34,"minecraft:baked_potato":11,"minecraft:terracotta":56,"minecraft:crafting_table":9,"minecraft:red_bed":1,"minecraft:bamboo_block":16,"minecraft:white_bed":6,"minecraft:diamond_pickaxe":312,"minecraft:apple":18,"minecraft:iron_pickaxe":119,"minecraft:cobblestone":68,"minecraft:bucket":89,"quark:oak_chest":1,"minecraft:diamond_leggings":1},"minecraft:crafted":{"minecraft:oak_planks":128,"minecraft:bamboo_block":97,"minecraft:diamond_helmet":1,"minecraft:diamond_leggings":1,"minecraft:diamond_axe":1,"minecraft:crafting_table":6,"minecraft:jungle_boat":1,"minecraft:iron_helmet":2,"minecraft:baked_potato":22,"minecraft:gold_block":8,"minecraft:birch_planks":76,"minecraft:bamboo_planks":174,"minecraft:iron_chestplate":1,"minecraft:diamond_pickaxe":1,"minecraft:shield":3,"quark:oak_chest":1,"minecraft:stick":80,"minecraft:iron_ingot":81,"minecraft:iron_pickaxe":1,"minecraft:iron_block":14,"minecraft:gold_ingot":81,"minecraft:coal":36,"minecraft:iron_nugget":315,"quark:jungle_chest":5,"minecraft:lantern":24,"minecraft:redstone_block":2,"minecraft:dark_oak_planks":20,"minecraft:coal_block":7,"minecraft:diamond_sword":1,"minecraft:iron_sword":3,"minecraft:bucket":1,"minecraft:jungle_slab":504,"minecraft:air":0,"minecraft:jungle_planks":752,"minecraft:oak_boat":3,"minecraft:golden_apple":13,"minecraft:wooden_axe":3,"minecraft:iron_shovel":2,"minecraft:iron_leggings":2,"minecraft:torch":144},"minecraft:dropped":{"minecraft:iron_sword":1,"minecraft:brown_mushroom":1,"minecraft:birch_planks":67,"minecraft:diamond_axe":2,"minecraft:lapis_lazuli":1,"minecraft:baked_potato":18,"minecraft:golden_pickaxe":1,"minecraft:diamond":7,"minecraft:dark_oak_sapling":3,"ecologics:coconut_slice":2,"biomemakeover:cladded_leggings":1,"minecraft:leather":2,"minecraft:mossy_stone_brick_stairs":1,"minecraft:red_mushroom":2,"minecraft:red_carpet":2,"minecraft:packed_mud":1,"minecraft:dirt":8,"minecraft:dark_oak_wood":3,"minecraft:cut_copper":20,"minecraft:jungle_sapling":50,"minecraft:gold_nugget":4,"collectorsalbum:uncommon_card_package":1,"minecraft:dark_oak_planks":2,"minecraft:birch_log":1,"minecraft:white_wool":5,"minecraft:bone":4,"ancient_elements:cloud":5,"minecraft:golden_chestplate":1,"alexsmobs:animal_dictionary":1,"minecraft:tinted_glass":2,"minecraft:birch_sapling":3,"minecraft:rotten_flesh":2,"minecraft:oak_planks":1,"minecraft:glowstone_dust":3,"minecraft:carrot":4,"supplementaries:ash":2,"minecraft:gunpowder":13,"minecraft:stone_brick_wall":1,"ecologics:coconut_husk":2,"minecraft:spruce_slab":1,"morevillagers:woodworking_table":1,"minecraft:iron_bars":5,"ancient_elements:aether_rod":2,"minecraft:bread":25,"minecraft:iron_ingot":8,"morevillagers:hunting_post":1,"collectorsalbum:epic_card_package":4,"minecraft:wheat_seeds":10,"minecraft:clock":1,"minecraft:mossy_cobblestone":2,"minecraft:dark_prismarine_slab":1,"minecraft:iron_helmet":2,"minecraft:cobblestone":9,"minecraft:prismarine_crystals":6,"minecraft:apple":2,"minecraft:stick":25,"minecraft:diorite":4,"minecraft:golden_carrot":1,"minecraft:ink_sac":5,"minecraft:torch":2,"minecraft:wooden_axe":4,"minecraft:rabbit":1,"minecraft:melon_slice":4,"minecraft:iron_door":3,"minecraft:iron_leggings":3,"minecraft:iron_shovel":1,"minecraft:bucket":1,"minecraft:oxidized_copper":2,"minecraft:redstone_block":1,"hmag:soul_powder":1,"minecraft:kelp":8,"minecraft:dark_prismarine_stairs":3,"minecraft:dark_oak_sign":3,"minecraft:jukebox":1,"minecraft:raw_iron":6,"biomemakeover:cladded_chestplate":2,"collectorsalbum:rare_card_package":4,"minecraft:white_carpet":5,"minecraft:clay_ball":6,"minecraft:light_gray_concrete":1,"biomemakeover:ancient_oak_slab":1,"minecraft:filled_map":1,"minecraft:hay_block":4,"minecraft:potato":22,"minecraft:shield":1,"minecraft:iron_chestplate":2,"minecraft:andesite":4,"minecraft:golden_leggings":1,"minecraft:oak_boat":2,"minecraft:oak_sapling":16,"minecraft:waxed_oxidized_cut_copper":1,"minecraft:bow":1,"minecraft:magma_block":2,"minecraft:black_wool":1,"minecraft:terracotta":1}},"DataVersion":3465}