{"stats":{"minecraft:custom":{"minecraft:time_since_rest":3838,"minecraft:crouch_one_cm":690,"minecraft:play_time":16179,"minecraft:sprint_one_cm":11058,"minecraft:walk_one_cm":35696,"minecraft:damage_taken":403,"minecraft:deaths":2,"minecraft:sneak_time":169,"minecraft:drop":1,"minecraft:jump":271,"minecraft:damage_dealt":648,"minecraft:time_since_death":3813,"minecraft:total_world_time":16179,"minecraft:fall_one_cm":8317,"minecraft:fly_one_cm":100388,"minecraft:player_kills":2},"minecraft:mined":{"minecraft:slime_block":46,"lucky:lucky_block":2},"minecraft:killed_by":{"minecraft:player":1},"minecraft:dropped":{"minecraft:gold_nugget":1},"minecraft:used":{"minecraft:rotten_flesh":1,"minecraft:light_blue_concrete":27,"lucky:lucky_block":96,"minecraft:white_concrete":6,"lucky:lucky_sword":2},"minecraft:picked_up":{"minecraft:fishing_rod":2,"minecraft:twisting_vines":5,"minecraft:ladder":11,"minecraft:weeping_vines":6,"minecraft:rotten_flesh":5,"minecraft:slime_block":30,"minecraft:gold_nugget":2,"lucky:lucky_sword":1,"minecraft:enchanted_book":1,"minecraft:chain":8,"minecraft:vine":7}},"DataVersion":3465}