{"stats":{"minecraft:custom":{"minecraft:time_since_rest":43397,"minecraft:play_time":53845,"minecraft:crouch_one_cm":1824,"minecraft:sprint_one_cm":20515,"minecraft:walk_one_cm":15776,"minecraft:deaths":2,"minecraft:sneak_time":564,"minecraft:drop":3,"minecraft:jump":204,"minecraft:time_since_death":43371,"minecraft:total_world_time":53845,"minecraft:fall_one_cm":2090,"minecraft:fly_one_cm":140254},"minecraft:used":{"minecraft:piston":1,"minecraft:lime_concrete":17,"minecraft:written_book":1,"lucky:lucky_block":98,"minecraft:armor_stand":1,"minecraft:white_concrete":1,"minecraft:redstone_block":1},"minecraft:mined":{"lucky:lucky_block":1},"minecraft:dropped":{"minecraft:lime_concrete":1,"lucky:lucky_block":1,"minecraft:white_concrete":1},"minecraft:picked_up":{"minecraft:leather_boots":9,"minecraft:leather_chestplate":1,"minecraft:leather_leggings":1,"minecraft:lime_concrete":1,"minecraft:written_book":1,"minecraft:leather_helmet":1}},"DataVersion":3465}