{"stats":{"minecraft:custom":{"minecraft:time_since_rest":31397,"minecraft:play_time":41845,"minecraft:crouch_one_cm":1741,"minecraft:sprint_one_cm":19973,"minecraft:walk_one_cm":13565,"minecraft:deaths":2,"minecraft:sneak_time":551,"minecraft:jump":186,"minecraft:time_since_death":31371,"minecraft:total_world_time":41845,"minecraft:fall_one_cm":1881,"minecraft:fly_one_cm":139824},"minecraft:used":{"minecraft:piston":1,"minecraft:lime_concrete":17,"minecraft:written_book":1,"lucky:lucky_block":98,"minecraft:armor_stand":1,"minecraft:white_concrete":1,"minecraft:redstone_block":1},"minecraft:mined":{"lucky:lucky_block":1},"minecraft:picked_up":{"minecraft:leather_boots":9,"minecraft:leather_chestplate":1,"minecraft:leather_leggings":1,"minecraft:lime_concrete":1,"minecraft:written_book":1,"minecraft:leather_helmet":1}},"DataVersion":3465}