{"stats":{"minecraft:custom":{"minecraft:time_since_rest":4838,"minecraft:damage_dealt":234,"minecraft:damage_taken":945,"minecraft:crouch_one_cm":4406,"minecraft:leave_game":1,"minecraft:play_time":20516,"minecraft:sprint_one_cm":28589,"minecraft:time_since_death":4832,"minecraft:walk_one_cm":55083,"minecraft:deaths":5,"minecraft:sneak_time":641,"minecraft:total_world_time":20516,"minecraft:fall_one_cm":7088,"minecraft:drop":2,"minecraft:fly_one_cm":58188,"minecraft:jump":316},"minecraft:killed_by":{"minecraft:player":2},"minecraft:picked_up":{"minecraft:filled_map":7},"minecraft:used":{"minecraft:item_frame":1,"minecraft:black_stained_glass":34,"minecraft:glass_pane":2},"minecraft:dropped":{"minecraft:filled_map":2},"minecraft:mined":{"minecraft:glass_pane":1}},"DataVersion":2730}