{"stats":{"minecraft:custom":{"minecraft:time_since_rest":7397,"minecraft:play_time":17845,"minecraft:crouch_one_cm":1698,"minecraft:sprint_one_cm":14053,"minecraft:walk_one_cm":12590,"minecraft:deaths":2,"minecraft:sneak_time":543,"minecraft:jump":151,"minecraft:time_since_death":7371,"minecraft:total_world_time":17845,"minecraft:fly_one_cm":129660},"minecraft:used":{"minecraft:piston":1,"minecraft:lime_concrete":17,"minecraft:written_book":1,"lucky:lucky_block":98,"minecraft:armor_stand":1,"minecraft:white_concrete":1,"minecraft:redstone_block":1},"minecraft:mined":{"lucky:lucky_block":1},"minecraft:picked_up":{"minecraft:leather_boots":9,"minecraft:leather_chestplate":1,"minecraft:leather_leggings":1,"minecraft:lime_concrete":1,"minecraft:written_book":1,"minecraft:leather_helmet":1}},"DataVersion":3465}