{"stats":{"minecraft:crafted":{"minecraft:oak_planks":248,"ancient_elements:steel_helmet":1,"ancient_elements:steel_ingot":24,"minecraft:furnace":2,"minecraft:stone":5,"minecraft:flint_and_steel":1,"ancient_elements:steel_boots":1,"ancient_elements:steel_leggings":1,"minecraft:iron_boots":1,"minecraft:iron_axe":2,"minecraft:stone_pickaxe":1,"minecraft:cooked_beef":5,"minecraft:diamond_sword":1,"handcrafted:skeleton_trophy":1,"minecraft:cooked_porkchop":14,"minecraft:diamond_axe":1,"minecraft:crafting_table":5,"minecraft:wooden_pickaxe":1,"minecraft:iron_helmet":1,"minecraft:birch_planks":20,"ancient_elements:steel_chestplate":1,"minecraft:stone_axe":1,"minecraft:bread":37,"minecraft:air":0,"minecraft:iron_chestplate":1,"minecraft:diamond_pickaxe":1,"minecraft:shield":3,"minecraft:stick":36,"minecraft:wooden_axe":2,"minecraft:iron_leggings":1,"minecraft:acacia_planks":24,"minecraft:torch":72},"minecraft:mined":{"minecraft:dark_oak_planks":1,"minecraft:tuff":1,"ancient_elements:lead_ore":35,"minecraft:deepslate_diamond_ore":7,"minecraft:black_terracotta":1,"minecraft:obsidian":5,"minecraft:granite":16,"minecraft:acacia_log":7,"minecraft:grass_block":11,"minecraft:decorated_pot":1,"minecraft:redstone_wire":1,"minecraft:mud_bricks":3,"minecraft:spawner":4,"minecraft:furnace":2,"minecraft:iron_ore":33,"minecraft:andesite":16,"ancient_elements:tin_ore":18,"minecraft:bookshelf":2,"minecraft:cave_vines":3,"minecraft:deepslate_iron_ore":31,"minecraft:iron_bars":3,"minecraft:stone":174,"minecraft:bone_block":3,"ancient_elements:deepslate_lead_ore":7,"minecraft:green_bed":3,"ancient_elements:steel_ore":22,"minecraft:deepslate_redstone_ore":20,"minecraft:scaffolding":1,"ecologics:pot":1,"minecraft:soul_fire":5,"minecraft:brown_carpet":2,"minecraft:crafting_table":6,"minecraft:calcite":4,"minecraft:dead_bush":2,"ancient_elements:deepslate_tin_ore":25,"minecraft:deepslate_gold_ore":4,"minecraft:oak_planks":1,"minecraft:diorite":18,"minecraft:wall_torch":2,"ancient_elements:deepslate_steel_ore":2,"minecraft:skeleton_skull":2,"supplementaries:urn":2,"minecraft:dark_oak_slab":1,"minecraft:birch_log":5,"minecraft:birch_leaves":2,"minecraft:grass":15,"minecraft:oak_log":105,"minecraft:coal_ore":89,"minecraft:gravel":9,"minecraft:dirt":3,"minecraft:sand":3,"minecraft:dripstone_block":1,"minecraft:smooth_basalt":11,"minecraft:acacia_planks":1,"minecraft:gold_ore":3,"minecraft:deepslate_emerald_ore":4,"minecraft:deepslate":100,"minecraft:oak_leaves":3,"minecraft:redstone_lamp":2},"minecraft:used":{"minecraft:iron_shovel":21,"minecraft:flint_and_steel":1,"minecraft:redstone":1,"minecraft:poppy":1,"minecraft:shield":40,"minecraft:torch":98,"minecraft:dirt":2,"minecraft:granite":4,"minecraft:obsidian":5,"handcrafted:skeleton_trophy":1,"minecraft:wooden_axe":72,"minecraft:iron_axe":199,"minecraft:packed_mud":1,"minecraft:redstone_lamp":2,"minecraft:golden_carrot":3,"minecraft:furnace":4,"minecraft:cooked_beef":5,"minecraft:cobbled_deepslate":15,"minecraft:acacia_planks":22,"minecraft:oak_planks":40,"minecraft:stone_pickaxe":6,"minecraft:wooden_pickaxe":18,"minecraft:diamond_axe":51,"minecraft:green_bed":2,"minecraft:golden_apple":2,"minecraft:crafting_table":9,"minecraft:diamond_pickaxe":647,"minecraft:apple":6,"minecraft:bread":12,"minecraft:diamond_ore":4,"ecologics:coconut_slice":1,"minecraft:stone_axe":71,"minecraft:diamond_sword":390,"minecraft:cooked_porkchop":14},"minecraft:dropped":{"minecraft:enchanted_book":1,"minecraft:iron_ingot":48,"minecraft:wheat_seeds":1,"minecraft:iron_helmet":2,"minecraft:granite":3,"minecraft:stick":2,"minecraft:packed_mud":1,"minecraft:dirt":8,"minecraft:iron_leggings":2,"minecraft:gold_nugget":2,"minecraft:bone_block":3,"minecraft:iron_axe":1,"minecraft:acacia_planks":20,"minecraft:waxed_cut_copper_slab":3,"minecraft:gravel":6,"minecraft:blue_terracotta":1,"minecraft:stone_axe":1,"biomemakeover:cracked_brick":2,"minecraft:wheat":1,"minecraft:rotten_flesh":4,"minecraft:clay_ball":1,"minecraft:oak_planks":25,"minecraft:iron_boots":2,"minecraft:azure_bluet":2,"minecraft:poppy":1,"minecraft:shield":2,"minecraft:diamond_pickaxe":2,"minecraft:iron_chestplate":2,"ecologics:coconut_husk":2,"minecraft:chainmail_boots":2,"minecraft:brown_carpet":2,"minecraft:arrow":2,"minecraft:stone_pickaxe":1,"minecraft:wooden_pickaxe":1,"minecraft:scaffolding":1,"minecraft:brick":2},"minecraft:killed":{"minecraft:witch":1,"minecraft:spider":4,"hmag:skeleton_girl":3,"hmag:nightwalker":1,"minecraft:skeleton":70,"hmag:zombie_girl":5,"ecologics:coconut_crab":2,"creeperoverhaul:cave_creeper":1,"minecraft:magma_cube":4,"minecraft:husk":7,"hmag:ghost":4,"biomemakeover:ghost":1,"minecraft:pig":6,"hmag:wither_ghost":2,"hmag:hornet":1,"minecraft:creeper":1,"hmag:scorpion":1,"minecraft:zombie":14,"hmag:cursed_doll":1,"minecraft:cow":2,"minecraft:enderman":1},"minecraft:broken":{"minecraft:shield":1,"minecraft:iron_axe":1,"minecraft:stone_axe":1,"minecraft:wooden_axe":1},"minecraft:killed_by":{"minecraft:husk":1,"minecraft:enderman":1,"endermanoverhaul:soulsand_valley_enderman":2,"minecraft:skeleton":6,"minecraft:zombie":2,"hmag:cursed_doll":2},"minecraft:picked_up":{"minecraft:iron_chestplate":1,"minecraft:crafting_table":6,"minecraft:azure_bluet":2,"minecraft:chainmail_boots":2,"minecraft:clay_ball":1,"minecraft:redstone_lamp":2,"biomemakeover:ectoplasm":1,"minecraft:enchanted_book":1,"minecraft:shield":2,"minecraft:brick":2,"minecraft:string":2,"minecraft:waxed_cut_copper_slab":3,"minecraft:moss_carpet":2,"minecraft:iron_leggings":1,"minecraft:zombie_head":1,"minecraft:gold_nugget":2,"minecraft:cobbled_deepslate":64,"minecraft:waxed_exposed_cut_copper":2,"minecraft:beef":5,"minecraft:player_head":3,"minecraft:poppy":3,"minecraft:tinted_glass":1,"ecologics:crab_claw":2,"minecraft:iron_boots":1,"minecraft:furnace":2,"biomemakeover:cracked_brick":2,"minecraft:stick":21,"minecraft:raw_iron":63,"ancient_elements:raw_steel":24,"ecologics:coconut_slice":6,"minecraft:torch":2,"minecraft:acacia_log":6,"minecraft:green_bed":3,"sophisticatedbackpacks:backpack":2,"minecraft:porkchop":14,"ancient_elements:raw_tin":43,"minecraft:redstone":88,"wardrobe:desert_helmet":1,"minecraft:dark_oak_planks":1,"minecraft:brown_carpet":2,"minecraft:arrow":4,"minecraft:rotten_flesh":4,"minecraft:obsidian":5,"minecraft:skeleton_skull":2,"minecraft:bone_block":6,"minecraft:cobblestone":157,"minecraft:birch_log":5,"minecraft:mud_bricks":9,"minecraft:leather":2,"ancient_elements:raw_lead":42,"minecraft:packed_mud":3,"minecraft:flint":2,"minecraft:oak_log":104,"minecraft:gunpowder":1,"minecraft:dirt":12,"hmag:evil_crystal_fragment":2,"minecraft:bone":75,"supplementaries:cartographers_quill":1,"minecraft:acacia_planks":22,"minecraft:apple":6,"minecraft:bow":1,"minecraft:wheat_seeds":1,"minecraft:raw_gold":7,"minecraft:iron_ingot":30,"minecraft:oak_planks":27,"minecraft:book":6,"minecraft:scaffolding":1,"minecraft:black_terracotta":1,"hmag:soul_powder":8,"minecraft:gravel":6,"ecologics:coconut_husk":1,"minecraft:grass_block":1,"naturalist:duck_egg":1,"minecraft:blue_terracotta":1,"wardrobe:desert_boots":1,"minecraft:diamond":7,"minecraft:stone_axe":2,"minecraft:granite":3,"minecraft:diamond_axe":3,"minecraft:emerald":4,"minecraft:oak_sapling":30,"minecraft:coal":112,"minecraft:ender_pearl":1,"minecraft:diamond_pickaxe":2},"minecraft:custom":{"lootr:looted_stat":50,"minecraft:mob_kills":136,"minecraft:interact_with_crafting_table":37,"minecraft:open_barrel":1,"minecraft:damage_dealt_resisted":586,"minecraft:leave_game":22,"minecraft:time_since_death":14489,"minecraft:climb_one_cm":9776,"minecraft:sprint_one_cm":317793,"minecraft:walk_one_cm":466240,"minecraft:damage_blocked_by_shield":3840,"minecraft:drop":51,"minecraft:damage_dealt_absorbed":160,"minecraft:play_time":190351,"minecraft:deaths":19,"minecraft:sneak_time":16186,"minecraft:walk_under_water_one_cm":2355,"minecraft:jump":3101,"minecraft:walk_on_water_one_cm":5254,"minecraft:total_world_time":190351,"minecraft:interact_with_furnace":32,"minecraft:tune_noteblock":1,"minecraft:sleep_in_bed":5,"minecraft:time_since_rest":14534,"minecraft:damage_taken":8288,"minecraft:damage_absorbed":41,"minecraft:damage_dealt":29575,"minecraft:swim_one_cm":15135,"minecraft:fly_one_cm":978998,"minecraft:open_chest":1,"minecraft:crouch_one_cm":37493,"minecraft:fall_one_cm":86199}},"DataVersion":3465}