{"stats":{"minecraft:custom":{"minecraft:time_since_rest":6192,"minecraft:sprint_one_cm":28946,"minecraft:damage_taken":1990,"minecraft:walk_one_cm":79390,"minecraft:mob_kills":2,"minecraft:drop":4,"minecraft:damage_dealt":1178,"minecraft:swim_one_cm":589,"minecraft:fly_one_cm":138404,"minecraft:player_kills":2,"minecraft:crouch_one_cm":690,"minecraft:play_time":28179,"minecraft:deaths":9,"minecraft:sneak_time":169,"minecraft:walk_under_water_one_cm":220,"minecraft:jump":514,"minecraft:time_since_death":6090,"minecraft:walk_on_water_one_cm":2120,"minecraft:total_world_time":28179,"minecraft:fall_one_cm":15727},"minecraft:killed":{"minecraft:wolf":1},"minecraft:mined":{"minecraft:slime_block":46,"lucky:lucky_block":13},"minecraft:killed_by":{"minecraft:player":6},"minecraft:dropped":{"minecraft:poppy":1,"minecraft:leather_leggings":2,"minecraft:gold_nugget":1},"minecraft:used":{"minecraft:lava_bucket":7,"lucky:lucky_block":96,"minecraft:slime_block":1,"lucky:lucky_sword":2,"minecraft:rotten_flesh":1,"minecraft:light_blue_concrete":27,"minecraft:bucket":7,"minecraft:cooked_beef":1,"minecraft:painting":4,"minecraft:white_concrete":6},"minecraft:picked_up":{"minecraft:fishing_rod":2,"minecraft:milk_bucket":2,"minecraft:cooked_beef":7,"minecraft:allium":8,"minecraft:azure_bluet":9,"minecraft:ladder":11,"minecraft:water_bucket":1,"minecraft:pumpkin":16,"minecraft:rabbit_stew":2,"minecraft:leather_leggings":3,"minecraft:dandelion":7,"minecraft:lava_bucket":2,"minecraft:enchanted_book":5,"minecraft:potion":1,"minecraft:chain":8,"minecraft:vine":7,"minecraft:leather_boots":1,"minecraft:twisting_vines":5,"minecraft:weeping_vines":6,"minecraft:rotten_flesh":5,"minecraft:blue_orchid":6,"minecraft:slime_block":31,"minecraft:gold_nugget":2,"minecraft:diamond_boots":1,"lucky:lucky_sword":1,"minecraft:bucket":2,"minecraft:rabbit_hide":1,"minecraft:beef":12,"minecraft:painting":11,"minecraft:pink_tulip":12,"minecraft:poppy":14,"minecraft:jack_o_lantern":13,"minecraft:blaze_powder":2,"minecraft:oxeye_daisy":9}},"DataVersion":3465}