{"stats":{"minecraft:killed_by":{"minecraft:player":1},"minecraft:picked_up":{"minecraft:filled_map":7},"minecraft:mined":{"minecraft:glass_pane":1},"minecraft:custom":{"minecraft:jump":82,"minecraft:time_since_rest":4940,"minecraft:damage_dealt":109,"minecraft:crouch_one_cm":865,"minecraft:sprint_one_cm":8382,"minecraft:walk_one_cm":19106,"minecraft:play_time":5861,"minecraft:damage_taken":657,"minecraft:time_since_death":4937,"minecraft:deaths":2,"minecraft:sneak_time":70,"minecraft:total_world_time":5861,"minecraft:drop":2,"minecraft:fall_one_cm":2223,"minecraft:fly_one_cm":13322},"minecraft:used":{"minecraft:item_frame":1},"minecraft:dropped":{"minecraft:filled_map":2}},"DataVersion":2730}