{"stats":{"minecraft:killed_by":{"minecraft:vindicator":1,"ancient_elements:aetherial_glaze":4,"aquamirae:captain_cornelia":3,"minecraft:zombie":6,"minecraft:player":1},"minecraft:killed":{"minecraft:witch":1,"minecraft:spider":18,"aquamirae:tortured_soul":1,"minecraft:skeleton":39,"aquamirae:golden_moth":1,"hmag:catoblepas":3,"hmag:harpy":2,"minecraft:zombie_villager":2,"minecraft:creeper":18,"minecraft:sheep":11,"minecraft:pillager":13,"minecraft:zombie":86,"minecraft:cow":8,"hmag:creeper_girl":2,"minecraft:vindicator":5,"hmag:skeleton_girl":3,"hmag:zombie_girl":10,"minecraft:drowned":1,"minecraft:husk":3,"hmag:ghost":1,"aquamirae:maw":6,"ancient_elements:aetherial_glaze":16,"minecraft:bat":1,"minecraft:squid":1,"aquamirae:anglerfish":4,"minecraft:wither_skeleton":1,"minecraft:enderman":2},"minecraft:broken":{"ancient_elements:titanium_shovel":1,"minecraft:wooden_axe":1,"ancient_elements:iron_hammer":2,"minecraft:iron_axe":1,"minecraft:iron_pickaxe":2,"ancient_elements:titanium_helmet":1},"minecraft:picked_up":{"ancient_elements:raw_titanium":58,"collectorsalbum:common_beetroot_card":1,"supplementaries:bomb_blue":1,"minecraft:diamond_sword":1,"quark:hollow_oak_log":3,"minecraft:waxed_cut_copper_slab":7,"minecraft:string":19,"minecraft:dark_oak_trapdoor":1,"minecraft:raw_copper":15,"biomemakeover:cladded_chestplate":1,"minecraft:purple_banner":1,"ancient_elements:meteorite_block":1,"minecraft:sea_pickle":1,"minecraft:gold_nugget":4,"minecraft:cobbled_deepslate":107,"collectorsalbum:epic_potato_card":1,"minecraft:spruce_planks":12,"minecraft:waxed_exposed_cut_copper":4,"minecraft:rose_bush":1,"minecraft:redstone_torch":5,"minecraft:calcite":43,"minecraft:furnace":1,"minecraft:stick":27,"minecraft:oak_fence":21,"minecraft:torch":55,"minecraft:spruce_stairs":2,"collectorsalbum:uncommon_card_package":6,"aquamirae:esca":4,"minecraft:waxed_cut_copper_stairs":5,"collectorsalbum:epic_card_package":1,"minecraft:light_gray_bed":2,"minecraft:rotten_flesh":13,"collectorsalbum:common_allium_card":1,"supplementaries:ash":4,"minecraft:waxed_cut_copper":17,"minecraft:cobblestone":9207,"minecraft:birch_log":202,"hmag:copper_nugget":4,"minecraft:feather":4,"minecraft:repeater":1,"minecraft:andesite":21,"minecraft:jungle_log":1,"minecraft:mud_brick_stairs":2,"minecraft:potato":516,"minecraft:flint":4,"aquamirae:fin":8,"biomemakeover:crude_fragment":9,"minecraft:lapis_lazuli":75,"minecraft:dirt":3438,"minecraft:lantern":4,"minecraft:name_tag":1,"collectorsalbum:legendary_card_package":3,"hmag:evil_crystal_fragment":5,"minecraft:purple_carpet":1,"minecraft:bone":46,"minecraft:bow":1,"minecraft:wheat_seeds":44,"minecraft:raw_gold":60,"minecraft:glowstone_dust":2,"minecraft:oak_planks":12,"ancient_elements:aether_rod":21,"minecraft:black_terracotta":3,"collectorsalbum:common_oxeye_daisy_card":1,"hmag:soul_powder":2,"collectorsalbum:common_diamond_leggings_card":1,"minecraft:poisonous_potato":6,"minecraft:sand":78,"sophisticatedbackpacks:iron_backpack":1,"minecraft:ink_sac":2,"securitycraft:reinforced_stone":9,"minecraft:grass_block":2,"minecraft:jungle_slab":1,"minecraft:dark_oak_log":64,"minecraft:dark_prismarine_slab":2,"minecraft:sugar":1,"minecraft:diamond":13,"minecraft:granite":1,"minecraft:spruce_sign":2,"minecraft:emerald":17,"minecraft:oak_sapling":22,"minecraft:dark_oak_fence":7,"minecraft:crafting_table":3,"minecraft:waxed_oxidized_cut_copper":1,"minecraft:mud_brick_slab":3,"minecraft:cornflower":7,"minecraft:jungle_trapdoor":3,"minecraft:item_frame":2,"minecraft:beef":23,"minecraft:iron_nugget":2,"minecraft:spruce_slab":8,"minecraft:sugar_cane":33,"minecraft:chest":2,"minecraft:birch_sapling":53,"minecraft:dark_oak_sapling":14,"minecraft:raw_iron":307,"securitycraft:reinforced_cobblestone":8,"ecologics:coconut_slice":2,"aquamirae:shell_horn":1,"ancient_elements:raw_tin":1,"minecraft:redstone":39,"minecraft:purple_terracotta":6,"minecraft:dark_oak_planks":83,"minecraft:tnt":3,"minecraft:arrow":5,"minecraft:peony":3,"minecraft:gold_ingot":16,"sophisticatedbackpacks:copper_backpack":1,"minecraft:mutton":13,"minecraft:skeleton_skull":1,"minecraft:white_wool":50,"collectorsalbum:common_card_package":18,"minecraft:mud_bricks":121,"minecraft:leather":19,"artifacts:anglers_hat":1,"minecraft:birch_planks":174,"minecraft:packed_mud":39,"minecraft:oak_log":37,"collectorsalbum:album":2,"minecraft:gunpowder":1,"collectorsalbum:common_leather_boots_card":1,"minecraft:apple":7,"minecraft:stone_bricks":1,"minecraft:rabbit_hide":7,"minecraft:iron_ingot":8,"minecraft:oak_fence_gate":2,"minecraft:cobweb":6,"minecraft:dark_oak_stairs":10,"minecraft:book":33,"minecraft:oak_slab":4,"minecraft:smooth_basalt":4,"minecraft:dark_oak_slab":12,"minecraft:red_wool":4,"minecraft:dandelion":115,"minecraft:gravel":47,"minecraft:amethyst_shard":8,"minecraft:mud_brick_wall":2,"minecraft:white_bed":1,"minecraft:spruce_log":35,"collectorsalbum:rare_card_package":5,"minecraft:spruce_door":1,"minecraft:spider_eye":6,"collectorsalbum:common_blaze_powder_card":2,"minecraft:iron_helmet":1,"minecraft:diamond_axe":1,"minecraft:birch_sign":4,"minecraft:dark_oak_wood":5,"minecraft:stripped_dark_oak_log":2,"minecraft:coal":372,"minecraft:ender_pearl":3},"minecraft:custom":{"lootr:looted_stat":94,"minecraft:open_barrel":3,"minecraft:interact_with_crafting_table":74,"minecraft:leave_game":11,"minecraft:time_since_death":18790,"minecraft:sprint_one_cm":1718097,"minecraft:drop":142,"minecraft:play_noteblock":1,"minecraft:talked_to_villager":2,"minecraft:play_time":951725,"minecraft:deaths":19,"minecraft:jump":16279,"minecraft:walk_on_water_one_cm":32894,"minecraft:interact_with_furnace":87,"minecraft:interact_with_loom":1,"minecraft:sleep_in_bed":39,"minecraft:damage_dealt":76335,"minecraft:player_kills":1,"minecraft:crouch_one_cm":738187,"minecraft:interact_with_smithing_table":1,"minecraft:mob_kills":272,"minecraft:damage_dealt_resisted":262,"minecraft:climb_one_cm":17321,"minecraft:walk_one_cm":2352330,"minecraft:damage_dealt_absorbed":360,"minecraft:sneak_time":187500,"minecraft:walk_under_water_one_cm":7377,"minecraft:boat_one_cm":265209,"minecraft:total_world_time":951725,"minecraft:time_since_rest":18825,"minecraft:damage_taken":21771,"minecraft:damage_absorbed":1179,"minecraft:swim_one_cm":42541,"minecraft:fly_one_cm":2967288,"minecraft:open_chest":133,"minecraft:fall_one_cm":490786},"minecraft:mined":{"minecraft:dark_oak_planks":97,"minecraft:waxed_cut_copper_slab":4,"minecraft:large_amethyst_bud":2,"minecraft:spruce_planks":17,"minecraft:white_bed":1,"minecraft:black_terracotta":10,"minecraft:spruce_trapdoor":1,"ancient_elements:titanium_ore":55,"minecraft:cave_vines_plant":1,"minecraft:granite":1,"minecraft:grass_block":1896,"minecraft:jungle_log":1,"minecraft:light_gray_bed":1,"minecraft:mud_bricks":134,"minecraft:mud_brick_wall":5,"minecraft:spawner":9,"minecraft:tall_seagrass":1,"minecraft:dark_oak_trapdoor":1,"minecraft:iron_ore":215,"minecraft:cobbled_deepslate":31,"minecraft:fire":1,"ancient_elements:tin_ore":1,"minecraft:deepslate_lapis_ore":8,"minecraft:dark_oak_stairs":10,"minecraft:iron_bars":1,"minecraft:spruce_slab":8,"minecraft:jungle_trapdoor":3,"minecraft:waxed_cut_copper":25,"minecraft:waxed_cut_copper_stairs":11,"minecraft:deepslate_redstone_ore":5,"lootr:lootr_chest":2,"minecraft:amethyst_cluster":2,"minecraft:torch":15,"minecraft:dark_oak_wood":5,"minecraft:calcite":40,"minecraft:poppy":1,"minecraft:mud_brick_stairs":2,"minecraft:spruce_wall_sign":2,"minecraft:cobblestone":1130,"minecraft:oak_planks":19,"minecraft:sugar_cane":15,"minecraft:wall_torch":25,"minecraft:amethyst_block":2,"minecraft:skeleton_skull":1,"quark:hollow_jungle_log":1,"minecraft:repeater":1,"minecraft:dark_oak_slab":12,"minecraft:birch_log":198,"minecraft:lilac":1,"minecraft:grass":208,"minecraft:oak_log":37,"minecraft:oak_fence_gate":2,"minecraft:sand":78,"minecraft:dirt":1697,"quark:hollow_oak_log":3,"minecraft:smooth_basalt":4,"minecraft:deepslate":76,"minecraft:oak_leaves":3,"minecraft:redstone_lamp":1,"minecraft:dark_prismarine":4,"minecraft:diamond_ore":1,"minecraft:deepslate_diamond_ore":10,"minecraft:dark_oak_log":183,"minecraft:glow_lichen":1,"minecraft:nether_bricks":3,"minecraft:dark_oak_fence":7,"minecraft:purple_terracotta":2,"minecraft:redstone_wire":10,"ancient_elements:meteorite_block":1,"minecraft:redstone_ore":2,"minecraft:packed_mud":47,"minecraft:waxed_oxidized_cut_copper":5,"minecraft:furnace":1,"minecraft:acacia_trapdoor":1,"minecraft:andesite":22,"minecraft:peony":3,"minecraft:bookshelf":13,"minecraft:deepslate_iron_ore":72,"minecraft:vine":1,"minecraft:lantern":2,"minecraft:packed_ice":1,"minecraft:stone":2320,"minecraft:white_wool":20,"minecraft:mud_brick_slab":6,"minecraft:oak_slab":4,"minecraft:flowering_azalea":1,"minecraft:glass_pane":8,"minecraft:red_wool":4,"minecraft:stripped_dark_oak_log":2,"minecraft:dandelion":75,"minecraft:spruce_door":1,"minecraft:oak_fence":21,"minecraft:crafting_table":4,"minecraft:cornflower":3,"minecraft:emerald_ore":4,"minecraft:rose_bush":5,"minecraft:copper_ore":4,"minecraft:tall_grass":27,"minecraft:lapis_ore":4,"minecraft:deepslate_gold_ore":37,"minecraft:diorite":9,"minecraft:spruce_stairs":2,"minecraft:birch_planks":177,"minecraft:redstone_torch":5,"minecraft:spruce_log":37,"minecraft:birch_leaves":1,"minecraft:dark_prismarine_slab":1,"minecraft:coal_ore":323,"minecraft:gravel":28,"minecraft:stone_bricks":1,"minecraft:gold_ore":17,"minecraft:waxed_exposed_cut_copper":7},"minecraft:used":{"ancient_elements:titanium_shovel":2910,"securitycraft:keypad_item":2,"minecraft:lava_bucket":5,"minecraft:packed_mud":15,"minecraft:repeater":6,"minecraft:furnace":3,"minecraft:potato":91,"minecraft:diamond_boots":1,"minecraft:spruce_door":1,"minecraft:oak_planks":130,"minecraft:wooden_pickaxe":10,"minecraft:golden_apple":32,"minecraft:diamond_axe":1047,"ancient_elements:titanium_hammer":57,"elevatorid:elevator_white":2,"minecraft:shears":15,"minecraft:redstone_torch":6,"minecraft:bread":55,"ecologics:coconut_slice":2,"minecraft:diamond_sword":960,"minecraft:smithing_table":1,"minecraft:andesite":12,"aquamirae:dagger_of_greed":7,"minecraft:bone_meal":105,"quark:birch_chest":4,"minecraft:redstone":20,"minecraft:spruce_planks":16,"minecraft:stone_hoe":80,"ancient_elements:titanium_leggings":1,"minecraft:torch":242,"minecraft:dirt":1451,"minecraft:dark_oak_planks":5,"minecraft:wooden_axe":51,"minecraft:waxed_cut_copper":5,"minecraft:iron_axe":157,"minecraft:jungle_log":1,"minecraft:mud_bricks":121,"minecraft:smooth_basalt":3,"minecraft:golden_carrot":21,"minecraft:cobbled_deepslate":107,"minecraft:light_gray_bed":1,"ancient_elements:diamond_hammer":43,"minecraft:cooked_mutton":12,"minecraft:water_bucket":4,"minecraft:birch_planks":325,"minecraft:baked_potato":175,"ancient_elements:iron_hammer":780,"minecraft:crafting_table":9,"minecraft:oak_log":2,"minecraft:piston":4,"minecraft:diamond_pickaxe":3425,"minecraft:diamond_shovel":797,"minecraft:iron_pickaxe":503,"quark:dark_oak_chest":4,"minecraft:cobblestone":8259,"minecraft:bucket":11,"alexsmobs:animal_dictionary":1},"minecraft:crafted":{"minecraft:oak_planks":128,"quark:birch_chest":4,"minecraft:stone":27,"securitycraft:keypad_item":2,"minecraft:heavy_weighted_pressure_plate":2,"minecraft:cooked_mutton":12,"securitycraft:laser_block":1,"minecraft:glass":64,"ancient_elements:diamond_hammer":1,"minecraft:repeater":5,"minecraft:stone_hoe":1,"ancient_elements:titanium_helmet":1,"sophisticatedbackpacks:backpack":1,"minecraft:diamond_axe":1,"minecraft:crafting_table":8,"minecraft:smithing_table":1,"minecraft:spruce_planks":40,"securitycraft:reinforced_stone_button":17,"minecraft:wooden_pickaxe":1,"minecraft:baked_potato":208,"minecraft:gold_block":8,"minecraft:birch_planks":248,"minecraft:paper":6,"minecraft:purple_dye":4,"minecraft:diamond_pickaxe":3,"minecraft:stick":128,"minecraft:iron_ingot":108,"minecraft:iron_pickaxe":2,"minecraft:iron_block":10,"minecraft:redstone_torch":12,"minecraft:shears":1,"securitycraft:universal_block_reinforcer_lvl1":1,"minecraft:purple_wool":2,"minecraft:redstone":18,"minecraft:furnace":3,"minecraft:piston":4,"minecraft:bone_meal":105,"ancient_elements:titanium_ingot":35,"minecraft:diamond_block":7,"minecraft:glass_pane":16,"quark:dark_oak_chest":5,"ancient_elements:titanium_hammer":1,"minecraft:diamond":9,"minecraft:iron_axe":2,"minecraft:redstone_block":1,"minecraft:purple_carpet":3,"minecraft:dark_oak_planks":120,"minecraft:red_dye":2,"collectorsalbum:album":1,"minecraft:diamond_sword":1,"elevatorid:elevator_white":2,"ancient_elements:titanium_leggings":1,"minecraft:bucket":5,"minecraft:air":0,"securitycraft:reinforced_stone":8,"minecraft:blue_dye":2,"ancient_elements:titanium_chestplate":1,"ancient_elements:titanium_shovel":2,"minecraft:wooden_axe":1,"ancient_elements:iron_hammer":5,"minecraft:torch":332},"minecraft:dropped":{"minecraft:acacia_wood":3,"minecraft:dark_oak_stairs":2,"minecraft:diamond":18,"minecraft:dark_oak_sapling":7,"minecraft:dark_oak_slab":1,"minecraft:crossbow":1,"minecraft:leather":7,"minecraft:red_wool":4,"collectorsalbum:common_diamond_leggings_card":2,"collectorsalbum:epic_bee_card":1,"minecraft:dirt":1,"minecraft:netherite_scrap":6,"minecraft:dark_oak_fence":6,"minecraft:cornflower":1,"collectorsalbum:common_blaze_powder_card":2,"minecraft:netherite_boots":1,"minecraft:dark_oak_planks":17,"minecraft:white_wool":23,"minecraft:gold_ingot":16,"minecraft:bone":5,"minecraft:waxed_cut_copper_slab":7,"minecraft:gravel":12,"minecraft:waxed_cut_copper_stairs":5,"alexsmobs:animal_dictionary":1,"minecraft:purple_banner":1,"minecraft:birch_sapling":3,"collectorsalbum:rare_iron_leggings_card":1,"minecraft:black_terracotta":2,"minecraft:rotten_flesh":7,"minecraft:jungle_trapdoor":3,"minecraft:white_bed":1,"supplementaries:ash":1,"collectorsalbum:common_allium_card":2,"quark:hollow_oak_log":3,"ecologics:coconut_husk":2,"minecraft:chest":2,"collectorsalbum:rare_chainmail_boots_card":1,"collectorsalbum:common_golden_axe_card":1,"collectorsalbum:common_golden_helmet_card":1,"minecraft:arrow":3,"collectorsalbum:common_golden_carrot_card":1,"collectorsalbum:album":2,"minecraft:purple_carpet":1,"minecraft:purple_terracotta":4,"minecraft:wheat_seeds":22,"collectorsalbum:rare_beetroot_card":1,"minecraft:poisonous_potato":5,"minecraft:cobblestone":9,"minecraft:apple":33,"minecraft:granite":1,"collectorsalbum:rare_compass_card":1,"minecraft:coal":11,"minecraft:stick":4,"minecraft:jungle_slab":1,"minecraft:mud_brick_wall":2,"minecraft:torch":143,"hmag:copper_nugget":1,"minecraft:mud_brick_stairs":2,"supplementaries:bomb_blue":1,"collectorsalbum:epic_potato_card":2,"minecraft:iron_axe":1,"collectorsalbum:common_beetroot_card":1,"artifacts:bunny_hoppers":1,"minecraft:dandelion":64,"minecraft:smooth_basalt":1,"hmag:soul_powder":2,"minecraft:player_head":1,"minecraft:experience_bottle":27,"minecraft:raw_iron":64,"sophisticatedbackpacks:backpack":1,"ancient_elements:meteorite_block":1,"minecraft:waxed_exposed_cut_copper":3,"collectorsalbum:common_oxeye_daisy_card":2,"minecraft:diamond_sword":1,"minecraft:waxed_cut_copper":12,"minecraft:diamond_chestplate":2,"minecraft:peony":2,"minecraft:spruce_planks":1,"minecraft:andesite":1,"minecraft:light_gray_bed":1,"minecraft:oak_sapling":22,"minecraft:waxed_oxidized_cut_copper":1,"collectorsalbum:common_nautilus_shell_card":1,"minecraft:spider_eye":1,"minecraft:stone_bricks":1,"collectorsalbum:epic_dark_oak_sapling_card":1,"collectorsalbum:common_leather_boots_card":1,"minecraft:bow":1,"collectorsalbum:uncommon_glowstone_dust_card":1,"minecraft:calcite":6,"collectorsalbum:uncommon_cookie_card":1,"collectorsalbum:common_leather_leggings_card":1}},"DataVersion":3465}