{"stats":{"minecraft:killed":{"minecraft:witch":1,"minecraft:spider":4,"hmag:skeleton_girl":3,"hmag:nightwalker":1,"minecraft:skeleton":16,"hmag:zombie_girl":5,"ecologics:coconut_crab":2,"creeperoverhaul:cave_creeper":1,"minecraft:magma_cube":4,"minecraft:husk":7,"biomemakeover:ghost":1,"hmag:ghost":2,"minecraft:pig":6,"hmag:wither_ghost":2,"hmag:hornet":1,"minecraft:creeper":1,"hmag:scorpion":1,"minecraft:zombie":14,"hmag:cursed_doll":1,"minecraft:cow":2,"minecraft:enderman":1},"minecraft:killed_by":{"minecraft:husk":1,"minecraft:enderman":1,"endermanoverhaul:soulsand_valley_enderman":2,"minecraft:skeleton":4,"hmag:cursed_doll":2},"minecraft:used":{"minecraft:iron_shovel":21,"minecraft:flint_and_steel":1,"minecraft:redstone":1,"minecraft:poppy":1,"minecraft:shield":40,"minecraft:torch":83,"minecraft:dirt":2,"minecraft:obsidian":5,"minecraft:wooden_axe":72,"minecraft:iron_axe":197,"minecraft:redstone_lamp":2,"minecraft:golden_carrot":2,"minecraft:furnace":3,"minecraft:cooked_beef":5,"minecraft:cobbled_deepslate":15,"minecraft:stone_pickaxe":6,"minecraft:oak_planks":35,"minecraft:wooden_pickaxe":18,"minecraft:green_bed":2,"minecraft:golden_apple":1,"minecraft:crafting_table":8,"minecraft:diamond_pickaxe":641,"minecraft:apple":5,"minecraft:bread":9,"ecologics:coconut_slice":1,"minecraft:stone_axe":71,"minecraft:cooked_porkchop":14},"minecraft:picked_up":{"minecraft:crafting_table":6,"minecraft:azure_bluet":2,"minecraft:chainmail_boots":2,"minecraft:clay_ball":1,"minecraft:redstone_lamp":2,"biomemakeover:ectoplasm":1,"minecraft:brick":2,"minecraft:shield":1,"minecraft:string":2,"minecraft:zombie_head":1,"minecraft:gold_nugget":2,"minecraft:cobbled_deepslate":64,"minecraft:beef":5,"minecraft:poppy":1,"minecraft:furnace":2,"ecologics:crab_claw":2,"biomemakeover:cracked_brick":2,"minecraft:stick":8,"minecraft:raw_iron":63,"ancient_elements:raw_steel":24,"ecologics:coconut_slice":6,"minecraft:acacia_log":6,"minecraft:torch":2,"minecraft:green_bed":3,"sophisticatedbackpacks:backpack":2,"minecraft:porkchop":14,"ancient_elements:raw_tin":43,"minecraft:redstone":88,"wardrobe:desert_helmet":1,"minecraft:dark_oak_planks":1,"minecraft:brown_carpet":2,"minecraft:arrow":4,"minecraft:rotten_flesh":4,"minecraft:obsidian":5,"minecraft:skeleton_skull":2,"minecraft:bone_block":3,"minecraft:cobblestone":157,"minecraft:birch_log":5,"minecraft:leather":2,"ancient_elements:raw_lead":42,"minecraft:flint":2,"minecraft:oak_log":61,"minecraft:gunpowder":1,"minecraft:dirt":12,"hmag:evil_crystal_fragment":2,"minecraft:bone":18,"minecraft:acacia_planks":20,"minecraft:apple":5,"minecraft:bow":1,"minecraft:wheat_seeds":1,"minecraft:raw_gold":7,"minecraft:oak_planks":25,"minecraft:book":6,"hmag:soul_powder":6,"minecraft:gravel":6,"ecologics:coconut_husk":1,"minecraft:grass_block":1,"naturalist:duck_egg":1,"minecraft:blue_terracotta":1,"wardrobe:desert_boots":1,"minecraft:diamond":7,"minecraft:stone_axe":2,"minecraft:granite":3,"minecraft:emerald":4,"minecraft:oak_sapling":12,"minecraft:coal":112,"minecraft:ender_pearl":1},"minecraft:mined":{"minecraft:dark_oak_planks":1,"minecraft:tuff":1,"ancient_elements:lead_ore":35,"minecraft:deepslate_diamond_ore":7,"minecraft:obsidian":5,"minecraft:granite":16,"minecraft:acacia_log":7,"minecraft:grass_block":11,"minecraft:decorated_pot":1,"minecraft:redstone_wire":1,"minecraft:spawner":2,"minecraft:furnace":2,"minecraft:iron_ore":33,"minecraft:andesite":16,"ancient_elements:tin_ore":18,"minecraft:bookshelf":2,"minecraft:deepslate_iron_ore":31,"minecraft:iron_bars":3,"minecraft:stone":174,"minecraft:bone_block":3,"ancient_elements:deepslate_lead_ore":7,"minecraft:green_bed":3,"ancient_elements:steel_ore":22,"minecraft:deepslate_redstone_ore":20,"ecologics:pot":1,"minecraft:soul_fire":5,"minecraft:brown_carpet":2,"minecraft:crafting_table":6,"minecraft:calcite":4,"minecraft:dead_bush":2,"ancient_elements:deepslate_tin_ore":25,"minecraft:deepslate_gold_ore":4,"minecraft:oak_planks":1,"minecraft:diorite":18,"minecraft:wall_torch":2,"ancient_elements:deepslate_steel_ore":2,"supplementaries:urn":2,"minecraft:skeleton_skull":2,"minecraft:birch_log":5,"minecraft:birch_leaves":2,"minecraft:grass":15,"minecraft:oak_log":61,"minecraft:coal_ore":89,"minecraft:dripstone_block":1,"minecraft:gravel":9,"minecraft:sand":3,"minecraft:dirt":3,"minecraft:smooth_basalt":11,"minecraft:gold_ore":3,"minecraft:oak_leaves":3,"minecraft:deepslate_emerald_ore":4,"minecraft:deepslate":100,"minecraft:redstone_lamp":2},"minecraft:broken":{"minecraft:shield":1,"minecraft:iron_axe":1,"minecraft:stone_axe":1,"minecraft:wooden_axe":1},"minecraft:custom":{"lootr:looted_stat":43,"minecraft:mob_kills":77,"minecraft:interact_with_crafting_table":19,"minecraft:damage_dealt_resisted":586,"minecraft:leave_game":19,"minecraft:time_since_death":213,"minecraft:climb_one_cm":8657,"minecraft:sprint_one_cm":270396,"minecraft:walk_one_cm":349777,"minecraft:damage_blocked_by_shield":3840,"minecraft:drop":31,"minecraft:damage_dealt_absorbed":160,"minecraft:play_time":129372,"minecraft:deaths":10,"minecraft:sneak_time":4951,"minecraft:walk_under_water_one_cm":2180,"minecraft:jump":2761,"minecraft:walk_on_water_one_cm":4785,"minecraft:total_world_time":129372,"minecraft:interact_with_furnace":12,"minecraft:tune_noteblock":1,"minecraft:sleep_in_bed":3,"minecraft:time_since_rest":239,"minecraft:damage_taken":5041,"minecraft:damage_absorbed":41,"minecraft:damage_dealt":16239,"minecraft:swim_one_cm":15135,"minecraft:fly_one_cm":519901,"minecraft:open_chest":1,"minecraft:crouch_one_cm":16770,"minecraft:fall_one_cm":78649},"minecraft:dropped":{"minecraft:wheat_seeds":1,"minecraft:iron_helmet":1,"minecraft:granite":3,"minecraft:stick":2,"minecraft:dirt":8,"minecraft:gold_nugget":2,"minecraft:acacia_planks":20,"minecraft:gravel":6,"minecraft:blue_terracotta":1,"minecraft:stone_axe":1,"biomemakeover:cracked_brick":2,"minecraft:wheat":1,"minecraft:rotten_flesh":4,"minecraft:clay_ball":1,"minecraft:oak_planks":24,"minecraft:azure_bluet":2,"ecologics:coconut_husk":2,"minecraft:chainmail_boots":2,"minecraft:brown_carpet":2,"minecraft:arrow":2,"minecraft:wooden_pickaxe":1,"minecraft:stone_pickaxe":1,"minecraft:brick":2},"minecraft:crafted":{"minecraft:oak_planks":224,"minecraft:furnace":2,"minecraft:flint_and_steel":1,"minecraft:iron_boots":1,"minecraft:iron_axe":2,"minecraft:stone_pickaxe":1,"minecraft:cooked_beef":5,"minecraft:cooked_porkchop":14,"minecraft:crafting_table":4,"minecraft:wooden_pickaxe":1,"minecraft:iron_helmet":1,"minecraft:birch_planks":20,"minecraft:stone_axe":1,"minecraft:bread":37,"minecraft:air":0,"minecraft:iron_chestplate":1,"minecraft:diamond_pickaxe":1,"minecraft:shield":2,"minecraft:stick":28,"minecraft:wooden_axe":1,"minecraft:iron_leggings":1,"minecraft:acacia_planks":24,"minecraft:torch":72}},"DataVersion":3465}