{"stats":{"minecraft:custom":{"minecraft:mob_kills":2,"minecraft:time_since_death":3687,"minecraft:time_since_rest":3713,"minecraft:sprint_one_cm":41327,"minecraft:damage_taken":2955,"minecraft:walk_one_cm":109769,"minecraft:drop":4,"minecraft:damage_dealt":1255,"minecraft:fly_one_cm":186014,"minecraft:swim_one_cm":589,"minecraft:player_kills":2,"minecraft:open_chest":1,"minecraft:crouch_one_cm":1855,"minecraft:play_time":40179,"minecraft:deaths":13,"minecraft:sneak_time":332,"minecraft:walk_under_water_one_cm":220,"minecraft:jump":750,"minecraft:walk_on_water_one_cm":2194,"minecraft:total_world_time":40179,"minecraft:fall_one_cm":23731},"minecraft:killed":{"minecraft:wolf":1},"minecraft:mined":{"minecraft:slime_block":46,"minecraft:oak_planks":1,"lucky:lucky_block":25},"minecraft:killed_by":{"minecraft:player":6,"minecraft:magma_cube":1},"minecraft:dropped":{"minecraft:poppy":1,"minecraft:leather_leggings":2,"minecraft:gold_nugget":1},"minecraft:used":{"minecraft:golden_boots":1,"minecraft:rabbit":1,"minecraft:prismarine":6,"minecraft:oak_planks":6,"lucky:lucky_sword":2,"minecraft:rotten_flesh":1,"minecraft:light_blue_concrete":27,"minecraft:golden_chestplate":1,"minecraft:painting":4,"minecraft:lava_bucket":7,"minecraft:zombie_head":1,"lucky:lucky_block":96,"minecraft:slime_block":1,"minecraft:golden_leggings":1,"minecraft:golden_helmet":1,"minecraft:bucket":7,"minecraft:pumpkin_pie":1,"minecraft:white_concrete":6,"minecraft:cooked_beef":1,"minecraft:pumpkin":3},"minecraft:picked_up":{"minecraft:fishing_rod":2,"minecraft:allium":8,"minecraft:leather_chestplate":1,"minecraft:azure_bluet":9,"minecraft:cooked_beef":7,"minecraft:creeper_head":1,"minecraft:ladder":11,"minecraft:prismarine_shard":36,"minecraft:water_bucket":1,"minecraft:rabbit_stew":2,"minecraft:leather_leggings":3,"minecraft:golden_leggings":1,"minecraft:potion":1,"minecraft:enchanted_book":5,"minecraft:chain":8,"minecraft:golden_boots":1,"minecraft:wither_skeleton_skull":1,"minecraft:twisting_vines":5,"minecraft:leather_boots":1,"minecraft:zombie_head":1,"minecraft:blue_orchid":6,"minecraft:gold_nugget":2,"lucky:lucky_sword":1,"minecraft:bucket":2,"minecraft:rabbit_hide":1,"minecraft:beef":12,"minecraft:ender_eye":5,"minecraft:poppy":14,"minecraft:rabbit":1,"minecraft:prismarine":41,"minecraft:oak_planks":1,"minecraft:golden_helmet":1,"minecraft:milk_bucket":2,"minecraft:pumpkin":16,"minecraft:dandelion":7,"minecraft:lava_bucket":2,"minecraft:vine":7,"minecraft:dragon_egg":1,"minecraft:sea_lantern":14,"minecraft:prismarine_crystals":36,"minecraft:golden_chestplate":1,"minecraft:leather_helmet":1,"minecraft:weeping_vines":6,"minecraft:rotten_flesh":5,"minecraft:slime_block":31,"minecraft:pumpkin_pie":10,"minecraft:diamond_boots":1,"minecraft:hay_block":8,"minecraft:painting":15,"minecraft:pink_tulip":12,"minecraft:golden_horse_armor":1,"minecraft:emerald":1,"minecraft:jack_o_lantern":13,"minecraft:skeleton_skull":1,"minecraft:blaze_powder":2,"minecraft:oxeye_daisy":9,"minecraft:ender_pearl":10}},"DataVersion":3465}