{"stats":{"minecraft:custom":{"minecraft:time_since_rest":6002,"minecraft:sprint_one_cm":69408,"minecraft:damage_taken":1808,"minecraft:walk_one_cm":92195,"minecraft:mob_kills":1,"minecraft:drop":6,"minecraft:damage_dealt":466,"minecraft:play_record":1,"minecraft:fly_one_cm":264552,"minecraft:crouch_one_cm":4463,"minecraft:play_time":88522,"minecraft:deaths":9,"minecraft:sneak_time":2287,"minecraft:jump":1143,"minecraft:leave_game":2,"minecraft:time_since_death":5977,"minecraft:total_world_time":88522,"minecraft:fall_one_cm":23712},"minecraft:killed":{"minecraft:skeleton_horse":1},"minecraft:mined":{"lucky:lucky_block":12},"minecraft:killed_by":{"minecraft:player":2,"minecraft:skeleton":2,"minecraft:guardian":1},"minecraft:dropped":{"minecraft:diamond_sword":1,"minecraft:cooked_beef":1,"minecraft:skeleton_skull":1,"minecraft:lime_concrete":1,"lucky:lucky_block":1,"minecraft:white_concrete":1},"minecraft:used":{"minecraft:birch_fence":2,"minecraft:piston":1,"minecraft:lever":1,"minecraft:iron_bars":1,"lucky:lucky_block":98,"minecraft:armor_stand":1,"minecraft:baked_potato":2,"minecraft:redstone_block":1,"lucky:lucky_sword":5,"minecraft:music_disc_stal":1,"minecraft:fishing_rod":20,"minecraft:wooden_sword":1,"minecraft:lime_concrete":17,"minecraft:written_book":1,"minecraft:white_concrete":3,"minecraft:cooked_beef":1,"minecraft:jukebox":1},"minecraft:picked_up":{"minecraft:fishing_rod":6,"minecraft:chainmail_boots":1,"minecraft:leather_chestplate":1,"minecraft:jukebox":1,"minecraft:creeper_head":3,"minecraft:prismarine_shard":14,"minecraft:salmon":8,"minecraft:leather_leggings":1,"minecraft:music_disc_stal":1,"minecraft:diamond_sword":1,"minecraft:poisonous_potato":24,"minecraft:lime_concrete":1,"minecraft:potato":149,"minecraft:cobblestone_stairs":3,"minecraft:leather_helmet":1,"minecraft:wooden_sword":1,"minecraft:bone":1,"minecraft:leather_boots":9,"minecraft:pufferfish":18,"minecraft:birch_fence":20,"minecraft:diamond":72,"minecraft:tropical_fish":4,"minecraft:gold_nugget":2,"minecraft:lever":2,"lucky:lucky_sword":3,"minecraft:chainmail_leggings":1,"minecraft:music_disc_far":1,"minecraft:iron_ingot":72,"minecraft:chainmail_helmet":1,"minecraft:jungle_sapling":3,"minecraft:written_book":1,"minecraft:white_concrete":9,"minecraft:player_head":2,"minecraft:gold_ingot":64,"minecraft:emerald":76,"minecraft:baked_potato":59,"minecraft:iron_bars":1,"minecraft:cod":27,"minecraft:skeleton_skull":3}},"DataVersion":3465}