{"stats":{"minecraft:custom":{"minecraft:jump":9,"minecraft:time_since_rest":8614,"minecraft:crouch_one_cm":1297,"minecraft:sprint_one_cm":4775,"minecraft:play_time":8614,"minecraft:time_since_death":8614,"minecraft:walk_one_cm":7984,"minecraft:sneak_time":392,"minecraft:total_world_time":8614,"minecraft:fly_one_cm":15684},"minecraft:used":{"minecraft:piston":1,"minecraft:redstone_block":1,"minecraft:lime_concrete":16,"minecraft:written_book":1,"lucky:lucky_block":1,"minecraft:armor_stand":1},"minecraft:mined":{"lucky:lucky_block":1},"minecraft:picked_up":{"minecraft:leather_chestplate":1,"minecraft:written_book":1,"minecraft:leather_boots":9,"minecraft:leather_leggings":1,"minecraft:leather_helmet":1}},"DataVersion":3465}