{"stats":{"minecraft:crafted":{"minecraft:oak_planks":224,"minecraft:cooked_porkchop":14,"minecraft:crafting_table":2,"minecraft:iron_helmet":1,"minecraft:wooden_pickaxe":1,"minecraft:furnace":1,"minecraft:birch_planks":20,"minecraft:stone_axe":1,"minecraft:air":0,"minecraft:iron_boots":1,"minecraft:iron_chestplate":1,"minecraft:shield":2,"minecraft:iron_axe":1,"minecraft:stick":24,"minecraft:stone_pickaxe":1,"minecraft:wooden_axe":1,"minecraft:iron_leggings":1,"minecraft:torch":56},"minecraft:mined":{"minecraft:dark_oak_planks":1,"ancient_elements:steel_ore":22,"ecologics:pot":1,"ancient_elements:lead_ore":26,"minecraft:deepslate_diamond_ore":4,"minecraft:brown_carpet":2,"minecraft:crafting_table":2,"minecraft:granite":3,"minecraft:calcite":4,"minecraft:grass_block":9,"minecraft:dead_bush":2,"minecraft:redstone_wire":1,"ancient_elements:deepslate_tin_ore":6,"minecraft:oak_planks":1,"minecraft:skeleton_skull":2,"minecraft:wall_torch":2,"minecraft:spawner":1,"supplementaries:urn":2,"minecraft:birch_log":5,"minecraft:iron_ore":32,"minecraft:andesite":4,"minecraft:birch_leaves":2,"minecraft:deepslate_iron_ore":6,"ancient_elements:tin_ore":10,"minecraft:grass":10,"minecraft:bookshelf":2,"minecraft:coal_ore":14,"minecraft:oak_log":56,"minecraft:iron_bars":3,"minecraft:dripstone_block":1,"minecraft:dirt":3,"minecraft:smooth_basalt":11,"minecraft:stone":72,"minecraft:gold_ore":3,"minecraft:deepslate":17,"minecraft:green_bed":3,"minecraft:redstone_lamp":2},"minecraft:used":{"minecraft:iron_shovel":9,"minecraft:stone_pickaxe":6,"minecraft:redstone":1,"minecraft:oak_planks":29,"minecraft:wooden_pickaxe":18,"minecraft:shield":27,"minecraft:green_bed":2,"minecraft:torch":48,"minecraft:crafting_table":4,"minecraft:wooden_axe":72,"minecraft:diamond_pickaxe":222,"minecraft:apple":2,"minecraft:iron_axe":74,"ecologics:coconut_slice":1,"minecraft:stone_axe":71,"minecraft:redstone_lamp":2,"minecraft:furnace":1,"minecraft:cooked_porkchop":10},"minecraft:dropped":{"minecraft:stone_axe":1,"minecraft:wheat_seeds":1,"minecraft:iron_helmet":1,"minecraft:rotten_flesh":4,"minecraft:granite":3,"minecraft:stick":2,"ecologics:coconut_husk":2,"minecraft:chainmail_boots":2,"minecraft:gold_nugget":2,"minecraft:brown_carpet":2,"minecraft:stone_pickaxe":1,"minecraft:wooden_pickaxe":1},"minecraft:killed":{"minecraft:husk":7,"hmag:ghost":1,"minecraft:pig":6,"minecraft:spider":4,"hmag:skeleton_girl":2,"minecraft:creeper":1,"minecraft:skeleton":10,"hmag:zombie_girl":4,"minecraft:zombie":5,"creeperoverhaul:cave_creeper":1,"ecologics:coconut_crab":2,"minecraft:enderman":1},"minecraft:broken":{"minecraft:shield":1,"minecraft:stone_axe":1,"minecraft:wooden_axe":1},"minecraft:killed_by":{"minecraft:husk":1,"minecraft:skeleton":2,"minecraft:enderman":1},"minecraft:picked_up":{"minecraft:birch_log":5,"minecraft:crafting_table":2,"minecraft:chainmail_boots":2,"minecraft:redstone_lamp":2,"ancient_elements:raw_lead":26,"minecraft:oak_log":56,"minecraft:shield":1,"minecraft:gunpowder":1,"minecraft:dirt":10,"minecraft:string":2,"hmag:evil_crystal_fragment":2,"minecraft:zombie_head":1,"minecraft:bone":10,"minecraft:apple":5,"minecraft:bow":1,"minecraft:wheat_seeds":1,"minecraft:gold_nugget":2,"minecraft:raw_gold":3,"minecraft:oak_planks":1,"ecologics:crab_claw":2,"minecraft:book":6,"minecraft:stick":6,"minecraft:raw_iron":37,"ancient_elements:raw_steel":22,"ecologics:coconut_slice":6,"hmag:soul_powder":2,"minecraft:torch":1,"minecraft:green_bed":3,"sophisticatedbackpacks:backpack":1,"minecraft:porkchop":14,"ecologics:coconut_husk":1,"ancient_elements:raw_tin":16,"minecraft:grass_block":1,"minecraft:redstone":1,"naturalist:duck_egg":1,"wardrobe:desert_helmet":1,"minecraft:dark_oak_planks":1,"minecraft:brown_carpet":2,"minecraft:arrow":2,"minecraft:rotten_flesh":4,"wardrobe:desert_boots":1,"minecraft:diamond":4,"minecraft:stone_axe":2,"minecraft:granite":3,"minecraft:oak_sapling":12,"minecraft:skeleton_skull":2,"minecraft:coal":14,"minecraft:cobblestone":68,"minecraft:ender_pearl":1},"minecraft:custom":{"minecraft:interact_with_furnace":6,"lootr:looted_stat":19,"minecraft:mob_kills":45,"minecraft:interact_with_crafting_table":11,"minecraft:tune_noteblock":1,"minecraft:damage_dealt_resisted":396,"minecraft:leave_game":7,"minecraft:time_since_death":27653,"minecraft:sleep_in_bed":1,"minecraft:climb_one_cm":7126,"minecraft:time_since_rest":27699,"minecraft:sprint_one_cm":132570,"minecraft:damage_taken":1992,"minecraft:walk_one_cm":205730,"minecraft:damage_blocked_by_shield":3170,"minecraft:drop":17,"minecraft:damage_dealt":8668,"minecraft:damage_dealt_absorbed":160,"minecraft:swim_one_cm":5395,"minecraft:fly_one_cm":229041,"minecraft:play_time":63126,"minecraft:crouch_one_cm":10779,"minecraft:deaths":4,"minecraft:sneak_time":2418,"minecraft:walk_under_water_one_cm":273,"minecraft:jump":1157,"minecraft:walk_on_water_one_cm":2617,"minecraft:total_world_time":63126,"minecraft:fall_one_cm":30316}},"DataVersion":3465}