{"stats":{"minecraft:custom":{"minecraft:time_since_rest":5090,"minecraft:crouch_one_cm":6172,"minecraft:sprint_one_cm":86726,"minecraft:play_time":44516,"minecraft:deaths":18,"minecraft:damage_taken":1489,"minecraft:walk_one_cm":101842,"minecraft:sneak_time":1067,"minecraft:drop":2,"minecraft:jump":1090,"minecraft:damage_dealt":1044,"minecraft:leave_game":1,"minecraft:walk_on_water_one_cm":754,"minecraft:time_since_death":5087,"minecraft:total_world_time":44516,"minecraft:climb_one_cm":8169,"minecraft:fall_one_cm":24515,"minecraft:fly_one_cm":204166,"minecraft:player_kills":4},"minecraft:killed_by":{"minecraft:player":6},"minecraft:picked_up":{"minecraft:filled_map":7},"minecraft:used":{"minecraft:item_frame":1,"minecraft:black_stained_glass":34,"minecraft:glass_pane":2},"minecraft:dropped":{"minecraft:filled_map":2},"minecraft:mined":{"minecraft:glass_pane":1}},"DataVersion":2730}