{"stats":{"minecraft:custom":{"minecraft:time_since_rest":3808,"minecraft:crouch_one_cm":7092,"minecraft:sprint_one_cm":118385,"minecraft:play_time":56516,"minecraft:deaths":22,"minecraft:damage_taken":1699,"minecraft:walk_one_cm":118863,"minecraft:sneak_time":1365,"minecraft:drop":2,"minecraft:jump":1341,"minecraft:damage_dealt":1090,"minecraft:leave_game":1,"minecraft:walk_on_water_one_cm":754,"minecraft:time_since_death":3804,"minecraft:total_world_time":56516,"minecraft:climb_one_cm":8169,"minecraft:fall_one_cm":34207,"minecraft:fly_one_cm":254489,"minecraft:player_kills":5},"minecraft:killed_by":{"minecraft:player":6},"minecraft:picked_up":{"minecraft:filled_map":7},"minecraft:used":{"minecraft:item_frame":1,"minecraft:black_stained_glass":34,"minecraft:glass_pane":2},"minecraft:dropped":{"minecraft:filled_map":2},"minecraft:mined":{"minecraft:glass_pane":1}},"DataVersion":2730}