{"stats":{"minecraft:custom":{"minecraft:time_since_rest":876,"minecraft:crouch_one_cm":5031,"minecraft:sprint_one_cm":50333,"minecraft:play_time":32516,"minecraft:deaths":9,"minecraft:damage_taken":1072,"minecraft:walk_one_cm":77190,"minecraft:sneak_time":822,"minecraft:drop":2,"minecraft:jump":666,"minecraft:damage_dealt":580,"minecraft:leave_game":1,"minecraft:walk_on_water_one_cm":263,"minecraft:time_since_death":873,"minecraft:total_world_time":32516,"minecraft:climb_one_cm":1669,"minecraft:fall_one_cm":15269,"minecraft:fly_one_cm":113606,"minecraft:player_kills":1},"minecraft:killed_by":{"minecraft:player":3},"minecraft:picked_up":{"minecraft:filled_map":7},"minecraft:used":{"minecraft:item_frame":1,"minecraft:black_stained_glass":34,"minecraft:glass_pane":2},"minecraft:dropped":{"minecraft:filled_map":2},"minecraft:mined":{"minecraft:glass_pane":1}},"DataVersion":2730}