{"stats":{"minecraft:custom":{"minecraft:time_since_rest":67,"minecraft:crouch_one_cm":4337,"minecraft:sprint_one_cm":52699,"minecraft:play_time":76522,"minecraft:damage_taken":650,"minecraft:deaths":5,"minecraft:walk_one_cm":66054,"minecraft:sneak_time":2137,"minecraft:drop":4,"minecraft:jump":954,"minecraft:damage_dealt":153,"minecraft:leave_game":2,"minecraft:time_since_death":40,"minecraft:total_world_time":76522,"minecraft:fall_one_cm":19599,"minecraft:fly_one_cm":229986},"minecraft:mined":{"lucky:lucky_block":4},"minecraft:killed_by":{"minecraft:guardian":1},"minecraft:dropped":{"minecraft:cooked_beef":1,"lucky:lucky_block":1,"minecraft:lime_concrete":1,"minecraft:white_concrete":1},"minecraft:used":{"minecraft:piston":1,"minecraft:fishing_rod":7,"minecraft:wooden_sword":1,"minecraft:lime_concrete":17,"minecraft:written_book":1,"lucky:lucky_block":98,"minecraft:armor_stand":1,"minecraft:cooked_beef":1,"minecraft:white_concrete":1,"minecraft:redstone_block":1},"minecraft:picked_up":{"minecraft:wooden_sword":1,"minecraft:fishing_rod":2,"minecraft:pufferfish":6,"minecraft:leather_chestplate":1,"minecraft:leather_boots":9,"minecraft:birch_fence":3,"minecraft:salmon":8,"minecraft:leather_leggings":1,"minecraft:tropical_fish":4,"minecraft:lime_concrete":1,"minecraft:white_concrete":2,"minecraft:written_book":1,"minecraft:cod":10,"minecraft:leather_helmet":1}},"DataVersion":3465}