{"stats":{"minecraft:crafted":{"minecraft:oak_planks":224,"minecraft:cooked_porkchop":14,"minecraft:crafting_table":2,"minecraft:wooden_pickaxe":1,"minecraft:iron_helmet":1,"minecraft:furnace":1,"minecraft:birch_planks":20,"minecraft:stone_axe":1,"minecraft:air":0,"minecraft:iron_boots":1,"minecraft:iron_chestplate":1,"minecraft:shield":2,"minecraft:iron_axe":1,"minecraft:stick":8,"minecraft:stone_pickaxe":1,"minecraft:wooden_axe":1,"minecraft:iron_leggings":1},"minecraft:mined":{"minecraft:dark_oak_planks":1,"ecologics:pot":1,"minecraft:brown_carpet":2,"minecraft:crafting_table":2,"minecraft:grass_block":2,"minecraft:dead_bush":2,"minecraft:redstone_wire":1,"minecraft:oak_planks":1,"minecraft:birch_log":5,"minecraft:birch_leaves":2,"minecraft:coal_ore":13,"minecraft:bookshelf":2,"minecraft:grass":9,"minecraft:oak_log":56,"minecraft:stone":24,"minecraft:green_bed":3,"minecraft:redstone_lamp":2},"minecraft:used":{"minecraft:stone_pickaxe":6,"minecraft:redstone":1,"minecraft:oak_planks":26,"minecraft:shield":23,"minecraft:wooden_pickaxe":18,"minecraft:green_bed":2,"minecraft:crafting_table":4,"minecraft:wooden_axe":72,"minecraft:diamond_pickaxe":19,"minecraft:apple":1,"minecraft:iron_axe":43,"minecraft:stone_axe":71,"ecologics:coconut_slice":1,"minecraft:redstone_lamp":2,"minecraft:furnace":1,"minecraft:cooked_porkchop":7},"minecraft:dropped":{"minecraft:stone_axe":1,"minecraft:rotten_flesh":2,"ecologics:coconut_husk":2,"minecraft:chainmail_boots":2,"minecraft:gold_nugget":2,"minecraft:brown_carpet":2},"minecraft:killed":{"minecraft:husk":7,"hmag:ghost":1,"minecraft:pig":6,"minecraft:spider":3,"hmag:skeleton_girl":2,"minecraft:creeper":1,"minecraft:skeleton":8,"hmag:zombie_girl":3,"minecraft:zombie":1,"ecologics:coconut_crab":2,"minecraft:enderman":1},"minecraft:broken":{"minecraft:shield":1,"minecraft:stone_axe":1,"minecraft:wooden_axe":1},"minecraft:killed_by":{"minecraft:husk":1,"minecraft:skeleton":2,"minecraft:enderman":1},"minecraft:picked_up":{"minecraft:birch_log":5,"minecraft:crafting_table":2,"minecraft:chainmail_boots":2,"minecraft:redstone_lamp":2,"minecraft:oak_log":56,"minecraft:shield":1,"minecraft:string":2,"minecraft:dirt":2,"hmag:evil_crystal_fragment":2,"minecraft:bone":8,"minecraft:apple":5,"minecraft:bow":1,"minecraft:gold_nugget":2,"minecraft:oak_planks":1,"ecologics:crab_claw":2,"minecraft:book":6,"minecraft:stick":6,"ecologics:coconut_slice":6,"hmag:soul_powder":2,"minecraft:green_bed":3,"sophisticatedbackpacks:backpack":1,"minecraft:porkchop":14,"ecologics:coconut_husk":1,"minecraft:grass_block":1,"minecraft:redstone":1,"wardrobe:desert_helmet":1,"naturalist:duck_egg":1,"minecraft:dark_oak_planks":1,"minecraft:brown_carpet":2,"minecraft:arrow":2,"wardrobe:desert_boots":1,"minecraft:rotten_flesh":4,"minecraft:stone_axe":2,"minecraft:oak_sapling":12,"minecraft:coal":13,"minecraft:cobblestone":24,"minecraft:ender_pearl":1},"minecraft:custom":{"lootr:looted_stat":13,"minecraft:interact_with_furnace":6,"minecraft:mob_kills":36,"minecraft:interact_with_crafting_table":11,"minecraft:tune_noteblock":1,"minecraft:damage_dealt_resisted":396,"minecraft:leave_game":5,"minecraft:time_since_death":8420,"minecraft:sleep_in_bed":1,"minecraft:climb_one_cm":7126,"minecraft:time_since_rest":8466,"minecraft:sprint_one_cm":92999,"minecraft:damage_taken":1808,"minecraft:walk_one_cm":137613,"minecraft:damage_blocked_by_shield":3020,"minecraft:drop":10,"minecraft:damage_dealt":6816,"minecraft:damage_dealt_absorbed":160,"minecraft:swim_one_cm":3898,"minecraft:fly_one_cm":193318,"minecraft:crouch_one_cm":3699,"minecraft:play_time":43893,"minecraft:deaths":4,"minecraft:sneak_time":953,"minecraft:walk_under_water_one_cm":208,"minecraft:jump":863,"minecraft:walk_on_water_one_cm":1895,"minecraft:total_world_time":43893,"minecraft:fall_one_cm":21419}},"DataVersion":3465}