{"stats":{"minecraft:crafted":{"minecraft:oak_planks":224,"minecraft:iron_boots":1,"minecraft:iron_chestplate":1,"minecraft:cooked_porkchop":2,"minecraft:shield":1,"minecraft:crafting_table":2,"minecraft:stick":8,"minecraft:wooden_pickaxe":1,"minecraft:iron_helmet":1,"minecraft:stone_pickaxe":1,"minecraft:wooden_axe":1,"minecraft:iron_leggings":1,"minecraft:furnace":1,"minecraft:birch_planks":20,"minecraft:stone_axe":1,"minecraft:air":0},"minecraft:mined":{"minecraft:dark_oak_planks":1,"minecraft:birch_log":5,"minecraft:brown_carpet":2,"minecraft:birch_leaves":2,"minecraft:crafting_table":2,"minecraft:grass":2,"minecraft:bookshelf":2,"minecraft:grass_block":2,"minecraft:oak_log":56,"minecraft:redstone_wire":1,"minecraft:stone":18,"minecraft:oak_planks":1,"minecraft:green_bed":3,"minecraft:redstone_lamp":2},"minecraft:dropped":{"ecologics:coconut_husk":2,"minecraft:chainmail_boots":1,"minecraft:brown_carpet":2},"minecraft:used":{"minecraft:wooden_axe":72,"minecraft:redstone":1,"minecraft:oak_planks":6,"minecraft:wooden_pickaxe":18,"minecraft:shield":13,"minecraft:green_bed":2,"ecologics:coconut_slice":1,"minecraft:stone_axe":25,"minecraft:redstone_lamp":2,"minecraft:crafting_table":4,"minecraft:furnace":1},"minecraft:killed":{"minecraft:pig":6,"ecologics:coconut_crab":2},"minecraft:killed_by":{"minecraft:skeleton":2},"minecraft:broken":{"minecraft:wooden_axe":1},"minecraft:picked_up":{"minecraft:book":6,"minecraft:birch_log":5,"minecraft:stick":6,"minecraft:crafting_table":2,"minecraft:chainmail_boots":1,"ecologics:coconut_slice":4,"minecraft:redstone_lamp":2,"minecraft:green_bed":3,"minecraft:porkchop":14,"ecologics:coconut_husk":1,"minecraft:oak_log":56,"minecraft:redstone":1,"minecraft:dirt":2,"minecraft:dark_oak_planks":1,"minecraft:brown_carpet":2,"minecraft:apple":5,"minecraft:oak_sapling":12,"minecraft:oak_planks":1,"minecraft:cobblestone":18,"ecologics:crab_claw":2},"minecraft:custom":{"minecraft:interact_with_furnace":5,"lootr:looted_stat":10,"minecraft:sprint_one_cm":45902,"minecraft:damage_taken":645,"minecraft:walk_one_cm":86595,"minecraft:damage_blocked_by_shield":2640,"minecraft:mob_kills":8,"minecraft:drop":5,"minecraft:damage_dealt":1102,"minecraft:interact_with_crafting_table":9,"minecraft:swim_one_cm":496,"minecraft:fly_one_cm":54069,"minecraft:tune_noteblock":1,"minecraft:play_time":22387,"minecraft:crouch_one_cm":3054,"minecraft:deaths":2,"minecraft:sneak_time":741,"minecraft:walk_under_water_one_cm":147,"minecraft:jump":316,"minecraft:leave_game":5,"minecraft:time_since_death":5062,"minecraft:walk_on_water_one_cm":320,"minecraft:sleep_in_bed":1,"minecraft:total_world_time":22387,"minecraft:climb_one_cm":6904,"minecraft:fall_one_cm":7915,"minecraft:time_since_rest":5091}},"DataVersion":3465}