{"stats":{"minecraft:custom":{"minecraft:jump":6,"minecraft:time_since_rest":945,"minecraft:crouch_one_cm":401,"minecraft:deaths":1,"minecraft:sprint_one_cm":406,"minecraft:play_time":4179,"minecraft:time_since_death":914,"minecraft:walk_one_cm":9274,"minecraft:sneak_time":76,"minecraft:total_world_time":4179,"minecraft:fly_one_cm":5674},"minecraft:used":{"minecraft:white_concrete":6,"minecraft:light_blue_concrete":27},"minecraft:picked_up":{"minecraft:fishing_rod":2,"minecraft:rotten_flesh":4,"minecraft:twisting_vines":5,"minecraft:chain":8,"minecraft:weeping_vines":6,"minecraft:ladder":11,"minecraft:vine":7,"minecraft:gold_nugget":1}},"DataVersion":3465}