{"stats":{"minecraft:crafted":{"minecraft:oak_planks":224,"minecraft:cooked_porkchop":14,"minecraft:crafting_table":2,"minecraft:wooden_pickaxe":1,"minecraft:iron_helmet":1,"minecraft:furnace":1,"minecraft:birch_planks":20,"minecraft:stone_axe":1,"minecraft:air":0,"minecraft:iron_boots":1,"minecraft:iron_chestplate":1,"minecraft:shield":1,"minecraft:iron_axe":1,"minecraft:stick":8,"minecraft:stone_pickaxe":1,"minecraft:wooden_axe":1,"minecraft:iron_leggings":1},"minecraft:mined":{"minecraft:dark_oak_planks":1,"ecologics:pot":1,"minecraft:brown_carpet":2,"minecraft:crafting_table":2,"minecraft:grass_block":2,"minecraft:dead_bush":2,"minecraft:redstone_wire":1,"minecraft:oak_planks":1,"minecraft:birch_log":5,"minecraft:birch_leaves":2,"minecraft:bookshelf":2,"minecraft:grass":2,"minecraft:oak_log":56,"minecraft:stone":18,"minecraft:green_bed":3,"minecraft:redstone_lamp":2},"minecraft:used":{"minecraft:stone_pickaxe":6,"minecraft:redstone":1,"minecraft:oak_planks":6,"minecraft:shield":16,"minecraft:wooden_pickaxe":18,"minecraft:green_bed":2,"minecraft:crafting_table":4,"minecraft:wooden_axe":72,"minecraft:apple":1,"minecraft:stone_axe":71,"ecologics:coconut_slice":1,"minecraft:redstone_lamp":2,"minecraft:furnace":1,"minecraft:cooked_porkchop":3},"minecraft:dropped":{"minecraft:stone_axe":1,"minecraft:rotten_flesh":2,"ecologics:coconut_husk":2,"minecraft:chainmail_boots":2,"minecraft:gold_nugget":2,"minecraft:brown_carpet":2},"minecraft:killed":{"minecraft:husk":7,"minecraft:pig":6,"minecraft:spider":3,"minecraft:creeper":1,"minecraft:skeleton":5,"hmag:zombie_girl":1,"ecologics:coconut_crab":2},"minecraft:broken":{"minecraft:stone_axe":1,"minecraft:wooden_axe":1},"minecraft:killed_by":{"minecraft:husk":1,"minecraft:skeleton":2},"minecraft:picked_up":{"minecraft:birch_log":5,"minecraft:crafting_table":2,"minecraft:chainmail_boots":2,"minecraft:redstone_lamp":2,"minecraft:oak_log":56,"minecraft:shield":1,"minecraft:string":2,"minecraft:dirt":2,"minecraft:bone":3,"minecraft:apple":5,"minecraft:bow":1,"minecraft:gold_nugget":2,"minecraft:oak_planks":1,"ecologics:crab_claw":2,"minecraft:book":6,"minecraft:stick":6,"ecologics:coconut_slice":4,"minecraft:green_bed":3,"minecraft:porkchop":14,"ecologics:coconut_husk":1,"minecraft:redstone":1,"wardrobe:desert_helmet":1,"naturalist:duck_egg":1,"minecraft:dark_oak_planks":1,"minecraft:brown_carpet":2,"wardrobe:desert_boots":1,"minecraft:rotten_flesh":4,"minecraft:stone_axe":2,"minecraft:oak_sapling":12,"minecraft:cobblestone":18},"minecraft:custom":{"lootr:looted_stat":13,"minecraft:interact_with_furnace":6,"minecraft:mob_kills":26,"minecraft:interact_with_crafting_table":10,"minecraft:tune_noteblock":1,"minecraft:leave_game":5,"minecraft:time_since_death":8631,"minecraft:sleep_in_bed":1,"minecraft:climb_one_cm":7126,"minecraft:time_since_rest":8816,"minecraft:sprint_one_cm":71955,"minecraft:damage_taken":1133,"minecraft:walk_one_cm":115180,"minecraft:damage_blocked_by_shield":2760,"minecraft:drop":10,"minecraft:damage_dealt":4654,"minecraft:swim_one_cm":2261,"minecraft:fly_one_cm":130261,"minecraft:crouch_one_cm":3084,"minecraft:play_time":31893,"minecraft:deaths":3,"minecraft:sneak_time":771,"minecraft:walk_under_water_one_cm":182,"minecraft:jump":617,"minecraft:walk_on_water_one_cm":1458,"minecraft:total_world_time":31893,"minecraft:fall_one_cm":14696}},"DataVersion":3465}