{"stats":{"minecraft:custom":{"minecraft:time_since_rest":55975,"minecraft:crouch_one_cm":2007,"minecraft:sprint_one_cm":33444,"minecraft:play_time":66423,"minecraft:damage_taken":10,"minecraft:deaths":2,"minecraft:walk_one_cm":40315,"minecraft:sneak_time":624,"minecraft:drop":4,"minecraft:jump":741,"minecraft:damage_dealt":101,"minecraft:leave_game":2,"minecraft:time_since_death":55949,"minecraft:total_world_time":66423,"minecraft:fall_one_cm":14978,"minecraft:fly_one_cm":181378},"minecraft:mined":{"lucky:lucky_block":1},"minecraft:dropped":{"minecraft:cooked_beef":1,"lucky:lucky_block":1,"minecraft:lime_concrete":1,"minecraft:white_concrete":1},"minecraft:used":{"minecraft:piston":1,"minecraft:lime_concrete":17,"minecraft:written_book":1,"lucky:lucky_block":98,"minecraft:armor_stand":1,"minecraft:cooked_beef":1,"minecraft:white_concrete":1,"minecraft:redstone_block":1},"minecraft:picked_up":{"minecraft:leather_chestplate":1,"minecraft:leather_boots":9,"minecraft:leather_leggings":1,"minecraft:lime_concrete":1,"minecraft:written_book":1,"minecraft:leather_helmet":1}},"DataVersion":3465}