{"stats":{"minecraft:picked_up":{"minecraft:item_frame":2,"minecraft:filled_map":1},"minecraft:mined":{"minecraft:glass":4,"minecraft:beacon":1,"minecraft:glass_pane":1,"minecraft:black_stained_glass":34},"minecraft:custom":{"minecraft:jump":304,"minecraft:time_since_rest":5889,"minecraft:deaths":3,"minecraft:damage_dealt":619,"minecraft:crouch_one_cm":1819,"minecraft:leave_game":2,"minecraft:play_time":13913,"minecraft:sprint_one_cm":37904,"minecraft:damage_taken":434,"minecraft:time_since_death":5883,"minecraft:walk_one_cm":34995,"minecraft:sneak_time":503,"minecraft:total_world_time":13913,"minecraft:fall_one_cm":5524,"minecraft:fly_one_cm":75340,"minecraft:player_kills":2},"minecraft:used":{"minecraft:item_frame":2}},"DataVersion":2730}