{"stats":{"minecraft:custom":{"minecraft:time_since_rest":72,"minecraft:crouch_one_cm":2291,"minecraft:sprint_one_cm":169145,"minecraft:play_time":39211,"minecraft:deaths":69,"minecraft:damage_taken":2459,"minecraft:walk_one_cm":107881,"minecraft:sneak_time":643,"minecraft:jump":1053,"minecraft:damage_dealt":904,"minecraft:leave_game":2,"minecraft:walk_on_water_one_cm":568,"minecraft:time_since_death":67,"minecraft:climb_one_cm":15494,"minecraft:total_world_time":39211,"minecraft:fall_one_cm":38616,"minecraft:fly_one_cm":207121,"minecraft:player_kills":5},"minecraft:killed_by":{"minecraft:player":5},"minecraft:picked_up":{"minecraft:item_frame":2,"minecraft:filled_map":1},"minecraft:used":{"minecraft:item_frame":2},"minecraft:mined":{"minecraft:black_stained_glass":34,"minecraft:beacon":1,"minecraft:glass_pane":1,"minecraft:glass":4}},"DataVersion":2730}