{"stats":{"minecraft:killed_by":{"minecraft:vindicator":1,"minecraft:zombie":2,"minecraft:drowned":4,"ancient_elements:aetherial_glaze":3,"aquamirae:captain_cornelia":6,"minecraft:player":1,"aquamirae:anglerfish":1,"minecraft:skeleton":6},"minecraft:killed":{"alexsmobs:lobster":1,"minecraft:cave_spider":4,"minecraft:cod":1,"minecraft:dolphin":4,"creeperoverhaul:dripstone_creeper":1,"minecraft:skeleton":70,"alexsmobs:leafcutter_ant":4,"ecologics:coconut_crab":1,"alexsmobs:skelewag":2,"minecraft:magma_cube":5,"minecraft:pillager":27,"minecraft:zombie":8,"minecraft:cow":1,"minecraft:vindicator":34,"hmag:skeleton_girl":2,"alexsmobs:seagull":2,"naturalist:duck":1,"hmag:zombie_girl":2,"minecraft:husk":15,"endermanoverhaul:snowy_enderman":1,"minecraft:spider":2,"minecraft:silverfish":3,"minecraft:sheep":9,"minecraft:mooshroom":1,"minecraft:vex":1,"minecraft:drowned":20,"alexsmobs:flying_fish":1,"hmag:ghost":1,"aquamirae:maw":1,"naturalist:butterfly":1,"alexsmobs:cockroach":1,"aquamirae:anglerfish":3},"minecraft:broken":{"minecraft:golden_boots":1,"minecraft:wooden_shovel":6,"minecraft:diamond_helmet":1,"minecraft:diamond_pickaxe":1,"minecraft:stone_sword":1,"minecraft:diamond_leggings":1,"minecraft:shield":3,"aquamirae:dagger_of_greed":1,"minecraft:stone_pickaxe":1,"minecraft:stone_axe":1,"minecraft:diamond_sword":1},"minecraft:picked_up":{"minecraft:wooden_axe":1,"minecraft:suspicious_stew":1,"minecraft:diamond_sword":2,"minecraft:stone_slab":4,"minecraft:oak_stairs":2,"minecraft:enchanted_book":3,"minecraft:string":63,"minecraft:dark_oak_trapdoor":23,"minecraft:red_nether_bricks":32,"minecraft:pufferfish":1,"minecraft:cobbled_deepslate":15,"minecraft:waxed_exposed_cut_copper":2,"minecraft:spruce_planks":356,"minecraft:coal_block":12,"minecraft:melon_slice":121,"collectorsalbum:uncommon_leather_chestplate_card":1,"ecologics:crab_claw":2,"minecraft:dark_oak_door":7,"artifacts:universal_attractor":1,"minecraft:green_bed":1,"collectorsalbum:uncommon_card_package":8,"aquamirae:esca":3,"minecraft:rabbit_foot":1,"minecraft:waxed_cut_copper_stairs":1,"artifacts:villager_hat":1,"minecraft:iron_block":2,"minecraft:carved_pumpkin":2,"supplementaries:ash":2,"minecraft:waxed_cut_copper":6,"minecraft:iron_bars":5,"minecraft:snowball":2,"alexsmobs:flying_fish":2,"minecraft:birch_log":5,"minecraft:magma_block":7,"minecraft:dune_armor_trim_smithing_template":2,"minecraft:feather":2,"minecraft:birch_slab":4,"minecraft:brown_wool":1,"ecologics:coconut_planks":38,"artifacts:thorn_pendant":2,"ancient_elements:raw_lead":12,"minecraft:gray_concrete":12,"minecraft:mangrove_slab":4,"minecraft:lantern":3,"aquamirae:fin":5,"biomemakeover:crude_fragment":6,"collectorsalbum:legendary_card_package":1,"minecraft:purple_carpet":1,"minecraft:stonecutter":1,"wardrobe:snowy_boots":1,"minecraft:dark_oak_sign":12,"collectorsalbum:uncommon_golden_leggings_card":1,"minecraft:moss_block":1,"minecraft:ink_sac":17,"minecraft:barrel":8,"minecraft:dark_oak_log":22,"minecraft:red_terracotta":2,"naturalist:duck_egg":1,"minecraft:dispenser":1,"minecraft:granite":11,"minecraft:bread":8,"minecraft:crimson_roots":2,"minecraft:crafting_table":24,"wardrobe:snowy_leggings":1,"minecraft:clay_ball":4,"ancient_elements:cloud":3,"ecologics:seashell":1,"collectorsalbum:uncommon_cookie_card":1,"biomemakeover:ancient_oak_log":14,"minecraft:stripped_mangrove_log":5,"minecraft:pink_candle":3,"minecraft:red_bed":1,"minecraft:white_carpet":4,"morevillagers:gardening_table":1,"minecraft:cracked_stone_bricks":6,"minecraft:beef":10,"minecraft:spruce_slab":59,"minecraft:quartz_stairs":1,"minecraft:birch_sapling":3,"minecraft:egg":1,"ancient_elements:raw_steel":33,"naturalist:duck":1,"minecraft:raw_gold_block":1,"minecraft:spruce_fence":4,"sophisticatedbackpacks:backpack":1,"minecraft:carrot":22,"minecraft:redstone":58,"minecraft:prismarine_crystals":35,"minecraft:peony":5,"minecraft:waxed_oxidized_cut_copper_stairs":2,"minecraft:hay_block":62,"minecraft:sandstone_stairs":1,"aquamirae:treasure_pouch":2,"minecraft:gold_ingot":10,"sophisticatedbackpacks:copper_backpack":1,"minecraft:mutton":14,"collectorsalbum:common_card_package":15,"minecraft:bone_block":9,"minecraft:white_wool":7,"minecraft:mud_bricks":55,"minecraft:acacia_wood":1,"minecraft:packed_mud":22,"minecraft:oak_log":72,"collectorsalbum:album":1,"quark:limestone":2,"minecraft:white_banner":1,"collectorsalbum:common_leather_boots_card":1,"minecraft:stone_bricks":18,"minecraft:kelp":3,"minecraft:iron_sword":1,"minecraft:dark_oak_stairs":47,"collectorsalbum:uncommon_ender_eye_card":1,"minecraft:prismarine_brick_stairs":4,"minecraft:dark_oak_slab":44,"minecraft:milk_bucket":1,"minecraft:sweet_berries":2,"minecraft:gravel":1,"biomemakeover:stripped_ancient_oak_log":1,"minecraft:spruce_log":23,"collectorsalbum:rare_card_package":5,"minecraft:diamond_axe":2,"minecraft:gray_wool":6,"hmag:lightning_particle":1,"minecraft:wheat":11,"minecraft:yellow_wool":4,"artifacts:umbrella":1,"minecraft:stone_brick_stairs":14,"minecraft:crimson_planks":33,"minecraft:waxed_cut_copper_slab":1,"minecraft:smooth_stone_slab":5,"minecraft:purple_banner":4,"minecraft:redstone_torch":1,"minecraft:calcite":84,"minecraft:smooth_quartz":46,"minecraft:stick":94,"minecraft:oak_fence":18,"minecraft:torch":42,"minecraft:spruce_stairs":142,"minecraft:diorite":12,"minecraft:pointed_dripstone":12,"collectorsalbum:rare_netherite_chestplate_card":1,"minecraft:mangrove_stairs":2,"collectorsalbum:epic_card_package":3,"minecraft:rotten_flesh":51,"ecologics:coconut_log":15,"minecraft:obsidian":13,"minecraft:cod":11,"minecraft:cobblestone":326,"minecraft:nautilus_shell":4,"minecraft:leather_chestplate":3,"minecraft:repeater":2,"minecraft:andesite":8,"minecraft:mud_brick_stairs":2,"minecraft:chiseled_quartz_block":43,"minecraft:potato":29,"minecraft:tuff":6,"minecraft:prismarine_bricks":26,"supplementaries:flax_seeds":1,"minecraft:dirt":611,"hmag:evil_crystal_fragment":2,"minecraft:bone":122,"minecraft:bow":1,"minecraft:wheat_seeds":40,"minecraft:raw_gold":15,"minecraft:mossy_stone_bricks":6,"minecraft:cyan_candle":9,"minecraft:bamboo":3,"minecraft:prismarine":95,"minecraft:oak_planks":66,"minecraft:black_terracotta":28,"hmag:soul_powder":9,"biomemakeover:ancient_oak_planks":1,"minecraft:jungle_planks":31,"minecraft:sand":6,"minecraft:nether_brick_stairs":5,"minecraft:jungle_slab":12,"minecraft:dark_prismarine":106,"minecraft:light_gray_concrete":90,"minecraft:dark_prismarine_slab":19,"minecraft:diamond":31,"minecraft:spruce_boat":14,"minecraft:soul_lantern":2,"minecraft:crossbow":1,"minecraft:grass":3,"minecraft:golden_apple":1,"minecraft:spruce_sign":4,"minecraft:emerald":52,"minecraft:oak_sapling":17,"minecraft:netherrack":2,"minecraft:charcoal":2,"minecraft:waxed_oxidized_cut_copper":20,"minecraft:ladder":2,"minecraft:turtle_helmet":1,"minecraft:brown_mushroom":64,"minecraft:wooden_pickaxe":1,"minecraft:gold_block":2,"minecraft:chain":10,"minecraft:oak_trapdoor":11,"minecraft:stone_stairs":5,"minecraft:moss_carpet":2,"minecraft:iron_axe":2,"collectorsalbum:mythical_card_package":2,"minecraft:item_frame":1,"minecraft:quartz_slab":2,"minecraft:cyan_carpet":9,"minecraft:dark_prismarine_stairs":6,"minecraft:oak_boat":8,"minecraft:player_head":6,"minecraft:light_gray_wool":1,"minecraft:sugar_cane":25,"minecraft:spruce_trapdoor":3,"minecraft:raw_iron":48,"minecraft:stripped_mangrove_wood":40,"collectorsalbum:uncommon_chicken_card":1,"ecologics:coconut_slice":17,"minecraft:copper_ingot":2,"minecraft:bowl":1,"ancient_elements:raw_tin":58,"minecraft:stone_button":2,"minecraft:trident":3,"minecraft:iron_horse_armor":3,"minecraft:purple_terracotta":1,"minecraft:dark_oak_planks":154,"biomemakeover:black_tapestry":1,"minecraft:jungle_stairs":7,"collectorsalbum:epic_allium_card":1,"minecraft:stripped_dark_oak_wood":7,"minecraft:cut_sandstone":3,"minecraft:leather":4,"alexsmobs:cachalot_whale_tooth":1,"minecraft:cobbled_deepslate_stairs":2,"minecraft:gunpowder":104,"minecraft:cooked_mutton":1,"minecraft:coast_armor_trim_smithing_template":2,"minecraft:red_nether_brick_stairs":1,"minecraft:gray_carpet":33,"minecraft:iron_ingot":5,"minecraft:book":6,"minecraft:emerald_block":1,"minecraft:stone_brick_slab":2,"minecraft:dandelion":2,"minecraft:dripstone_block":2,"minecraft:mud_brick_wall":3,"minecraft:spruce_door":32,"minecraft:mossy_stone_brick_slab":4,"minecraft:spider_eye":3,"minecraft:stripped_jungle_log":2,"collectorsalbum:uncommon_netherite_chestplate_card":1,"wardrobe:silk":29,"minecraft:terracotta":4,"minecraft:coal":90},"minecraft:custom":{"minecraft:interact_with_crafting_table":86,"minecraft:open_barrel":234,"minecraft:bell_ring":2,"minecraft:eat_cake_slice":2,"minecraft:leave_game":7,"minecraft:time_since_death":3430,"minecraft:damage_blocked_by_shield":16937,"minecraft:play_time":745163,"minecraft:deaths":28,"minecraft:jump":9254,"minecraft:interact_with_furnace":49,"minecraft:traded_with_villager":10,"minecraft:sleep_in_bed":1,"minecraft:damage_dealt":60276,"minecraft:interact_with_smoker":3,"minecraft:inspect_dispenser":5,"minecraft:interact_with_smithing_table":1,"minecraft:interact_with_anvil":3,"minecraft:inspect_hopper":4,"minecraft:sneak_time":80566,"minecraft:interact_with_blast_furnace":9,"minecraft:total_world_time":745163,"minecraft:time_since_rest":3742,"minecraft:swim_one_cm":221378,"minecraft:fly_one_cm":1138809,"minecraft:open_chest":156,"minecraft:fall_one_cm":176951,"lootr:looted_stat":436,"minecraft:sprint_one_cm":682256,"minecraft:drop":404,"minecraft:talked_to_villager":33,"minecraft:interact_with_brewingstand":1,"minecraft:walk_on_water_one_cm":158308,"minecraft:open_enderchest":1,"minecraft:player_kills":3,"minecraft:crouch_one_cm":236992,"minecraft:mob_kills":234,"minecraft:damage_dealt_resisted":1396,"minecraft:climb_one_cm":97948,"minecraft:walk_one_cm":1676531,"minecraft:walk_under_water_one_cm":296442,"minecraft:boat_one_cm":1788373,"minecraft:damage_taken":17611,"minecraft:damage_absorbed":26},"minecraft:mined":{"minecraft:dark_oak_planks":167,"minecraft:dark_prismarine_stairs":8,"minecraft:black_terracotta":55,"minecraft:red_nether_bricks":25,"biomemakeover:ancient_oak_planks":1,"minecraft:carved_pumpkin":2,"minecraft:obsidian":13,"minecraft:granite":7,"minecraft:coal_block":24,"minecraft:spawner":21,"minecraft:tall_seagrass":7,"minecraft:magma_block":12,"minecraft:dark_oak_trapdoor":10,"minecraft:fire":2,"minecraft:barrel":4,"ancient_elements:tin_ore":58,"minecraft:stripped_dark_oak_wood":5,"minecraft:nether_brick_stairs":2,"minecraft:cave_vines":4,"minecraft:dirt_path":2,"minecraft:oak_stairs":2,"minecraft:quartz_slab":1,"quark:limestone":2,"minecraft:light_gray_concrete":92,"minecraft:stripped_mangrove_wood":30,"minecraft:iron_block":2,"minecraft:player_head":7,"minecraft:tripwire":2,"minecraft:cut_sandstone":3,"minecraft:red_bed":10,"minecraft:kelp_plant":4,"minecraft:torch":8,"minecraft:mud_brick_stairs":5,"minecraft:melon":25,"minecraft:spruce_wall_sign":1,"minecraft:sugar_cane":10,"minecraft:chain":2,"minecraft:repeater":2,"ecologics:seashell":1,"minecraft:light_gray_stained_glass":4,"minecraft:wheat":10,"minecraft:stone_brick_stairs":13,"minecraft:prismarine_brick_stairs":3,"minecraft:grass":56,"minecraft:smooth_quartz":46,"minecraft:stonecutter":1,"minecraft:deepslate":20,"minecraft:suspicious_gravel":1,"minecraft:light_blue_stained_glass_pane":5,"minecraft:dark_prismarine":123,"biomemakeover:ancient_oak_log":14,"minecraft:dark_oak_log":22,"minecraft:sea_lantern":5,"minecraft:spruce_fence":7,"minecraft:jungle_planks":35,"minecraft:moss_block":3,"minecraft:kelp":2,"minecraft:black_stained_glass_pane":3,"minecraft:waxed_oxidized_cut_copper":13,"minecraft:packed_mud":29,"minecraft:acacia_wood":1,"minecraft:andesite":9,"minecraft:potatoes":2,"minecraft:bone_block":10,"minecraft:white_wool":1,"ancient_elements:steel_ore":33,"minecraft:mud_brick_slab":2,"minecraft:mangrove_stairs":2,"minecraft:gray_concrete":18,"minecraft:glass_pane":1,"lootr:lootr_barrel":10,"biomemakeover:ivy":1,"minecraft:stone_brick_slab":2,"minecraft:dandelion":2,"minecraft:campfire":1,"minecraft:tall_grass":1,"minecraft:deepslate_gold_ore":3,"minecraft:diorite":8,"minecraft:red_terracotta":2,"minecraft:spruce_log":21,"minecraft:birch_leaves":3,"minecraft:dark_prismarine_slab":9,"amendments:double_cake":1,"minecraft:gravel":4,"minecraft:dripstone_block":2,"minecraft:cobweb":46,"minecraft:stone_bricks":16,"minecraft:gold_ore":12,"minecraft:waxed_exposed_cut_copper":4,"minecraft:fern":1,"minecraft:waxed_cut_copper_slab":1,"minecraft:spruce_planks":355,"minecraft:mossy_stone_brick_slab":4,"minecraft:cobbled_deepslate_stairs":2,"minecraft:jungle_slab":15,"minecraft:cobblestone_stairs":1,"minecraft:spruce_trapdoor":3,"minecraft:grass_block":396,"minecraft:mud_brick_wall":4,"minecraft:mud_bricks":60,"minecraft:sandstone_stairs":1,"minecraft:red_nether_brick_stairs":1,"minecraft:iron_ore":43,"minecraft:pink_candle":1,"minecraft:dark_oak_stairs":54,"minecraft:flowering_azalea_leaves":3,"minecraft:iron_bars":4,"sophisticatedbackpacks:copper_backpack":1,"minecraft:spruce_slab":44,"minecraft:green_bed":1,"minecraft:waxed_cut_copper":6,"minecraft:waxed_cut_copper_stairs":1,"minecraft:deepslate_redstone_ore":11,"lootr:lootr_chest":1,"biomemakeover:stripped_ancient_oak_log":1,"minecraft:chiseled_quartz_block":44,"minecraft:clay":1,"minecraft:jungle_stairs":5,"minecraft:calcite":66,"minecraft:mushroom_stem":1,"ancient_elements:cloud":2,"minecraft:cobblestone":29,"minecraft:prismarine":120,"minecraft:oak_planks":11,"minecraft:wall_torch":17,"minecraft:seagrass":7,"minecraft:stone_stairs":2,"minecraft:dark_oak_slab":92,"minecraft:dark_oak_door":6,"minecraft:birch_log":5,"minecraft:yellow_wool":2,"minecraft:waxed_oxidized_cut_copper_stairs":4,"minecraft:blue_ice":2,"minecraft:tnt":1,"minecraft:smooth_stone_slab":5,"minecraft:oak_log":83,"minecraft:sand":6,"minecraft:dirt":214,"minecraft:crimson_planks":23,"quark:hollow_oak_log":1,"minecraft:tripwire_hook":3,"minecraft:dispenser":2,"minecraft:netherrack":2,"minecraft:oak_leaves":6,"minecraft:cyan_candle":1,"minecraft:emerald_block":1,"minecraft:tuff":3,"minecraft:quartz_stairs":1,"ecologics:coconut_planks":2,"ancient_elements:lead_ore":12,"minecraft:stripped_mangrove_log":5,"minecraft:deepslate_diamond_ore":7,"minecraft:purple_terracotta":14,"morevillagers:gardening_table":1,"minecraft:birch_slab":5,"ecologics:coconut_log":15,"minecraft:spruce_leaves":10,"minecraft:hay_block":62,"minecraft:oak_trapdoor":7,"minecraft:furnace":3,"minecraft:carrots":6,"minecraft:raw_gold_block":1,"minecraft:waxed_oxidized_cut_copper_slab":3,"minecraft:peony":7,"minecraft:gold_block":2,"minecraft:bookshelf":2,"minecraft:deepslate_iron_ore":3,"minecraft:stripped_jungle_log":2,"minecraft:packed_ice":7,"minecraft:stone":303,"sophisticatedbackpacks:backpack":1,"minecraft:redstone_wall_torch":1,"minecraft:flowering_azalea":1,"minecraft:spruce_door":28,"minecraft:oak_fence":6,"minecraft:crafting_table":24,"minecraft:stone_slab":4,"minecraft:deepslate_coal_ore":1,"supplementaries:urn":1,"minecraft:prismarine_bricks":20,"minecraft:spruce_stairs":78,"minecraft:gray_wool":5,"minecraft:birch_planks":1,"minecraft:ice":13,"minecraft:mangrove_slab":4,"minecraft:coal_ore":89,"minecraft:gray_carpet":1,"minecraft:cracked_stone_bricks":7,"minecraft:terracotta":2,"minecraft:mossy_stone_bricks":3},"minecraft:used":{"minecraft:spruce_slab":3,"sophisticatedbackpacks:copper_backpack":1,"lootr:trophy":1,"ecologics:coconut_planks":14,"minecraft:jungle_slab":2,"minecraft:snowball":2,"minecraft:spruce_boat":16,"hmag:exp_berry":15,"minecraft:stone_brick_stairs":1,"minecraft:dark_oak_boat":1,"minecraft:furnace":1,"minecraft:mangrove_slab":2,"minecraft:potato":4,"minecraft:diorite":2,"minecraft:spruce_door":35,"minecraft:wooden_pickaxe":55,"minecraft:cookie":2,"minecraft:golden_apple":1,"minecraft:stripped_mangrove_wood":2,"minecraft:sand":5,"minecraft:gray_concrete":2,"minecraft:birch_slab":4,"minecraft:diamond_sword":3456,"minecraft:oak_boat":10,"aquamirae:dagger_of_greed":100,"minecraft:oak_trapdoor":1,"minecraft:stone_sword":131,"minecraft:cooked_salmon":1,"minecraft:torch":224,"minecraft:anvil":1,"minecraft:smooth_quartz":4,"minecraft:mud_bricks":50,"minecraft:barrel":11,"minecraft:acacia_wood":1,"minecraft:wheat_seeds":18,"minecraft:water_bucket":88,"alexsmobs:cooked_catfish":1,"minecraft:crafting_table":32,"minecraft:cod":2,"minecraft:cake":1,"minecraft:oak_log":1,"minecraft:dark_prismarine":14,"minecraft:diamond_pickaxe":1651,"quark:dark_oak_chest":1,"minecraft:cobblestone":262,"minecraft:potion":1,"quark:oak_chest":3,"minecraft:waxed_exposed_cut_copper":2,"minecraft:shield":164,"minecraft:iron_sword":128,"minecraft:mutton":1,"artifacts:umbrella":170,"minecraft:jungle_planks":25,"minecraft:milk_bucket":1,"minecraft:obsidian":14,"minecraft:quartz_slab":1,"minecraft:lantern":1,"minecraft:packed_mud":19,"hmag:golden_tropical_fish":1,"naturalist:duck":1,"minecraft:dark_oak_stairs":4,"minecraft:stone_pickaxe":90,"minecraft:oak_planks":16,"minecraft:diamond_axe":1429,"minecraft:mushroom_stew":2,"morevillagers:gardening_table":1,"minecraft:redstone_torch":4,"minecraft:black_terracotta":2,"sophisticatedbackpacks:backpack":2,"minecraft:bread":130,"minecraft:melon_slice":43,"minecraft:string":1,"ecologics:coconut_slice":13,"minecraft:andesite":4,"minecraft:experience_bottle":2,"minecraft:trident":177,"aquamirae:sea_stew":1,"minecraft:flint_and_steel":3,"minecraft:stone_shovel":87,"minecraft:spruce_planks":467,"minecraft:wooden_shovel":357,"minecraft:dirt":560,"minecraft:spruce_stairs":2,"ancient_elements:cloud":1,"minecraft:wooden_axe":6,"minecraft:dark_oak_planks":9,"quark:spruce_chest":4,"minecraft:waxed_cut_copper":6,"minecraft:crimson_planks":18,"minecraft:light_gray_wool":1,"minecraft:golden_carrot":8,"minecraft:cooked_beef":6,"minecraft:cooked_mutton":7,"minecraft:dark_prismarine_slab":2,"minecraft:dark_oak_door":10,"minecraft:jungle_stairs":3,"minecraft:stone_axe":110,"hmag:cureberry":2,"minecraft:bucket":89},"minecraft:crafted":{"minecraft:cooked_mutton":13,"minecraft:diamond_helmet":2,"minecraft:diamond_leggings":1,"minecraft:melon_seeds":1,"minecraft:wooden_shovel":6,"minecraft:emerald":16,"minecraft:cooked_porkchop":5,"minecraft:diamond_axe":1,"minecraft:spruce_door":9,"quark:oak_chest":4,"minecraft:iron_block":3,"minecraft:gold_ingot":23,"minecraft:stone_shovel":1,"ecologics:coconut_planks":56,"ecologics:coconut_wood":3,"minecraft:stone_pickaxe":1,"minecraft:diamond_boots":1,"minecraft:spruce_boat":2,"quark:spruce_chest":4,"minecraft:wheat":558,"minecraft:wooden_axe":1,"minecraft:oak_planks":172,"minecraft:dark_oak_boat":1,"minecraft:dark_oak_door":3,"minecraft:cod_bucket":3,"minecraft:golden_boots":1,"sophisticatedbackpacks:backpack":1,"minecraft:crafting_table":10,"minecraft:spruce_planks":305,"minecraft:wooden_pickaxe":3,"minecraft:baked_potato":57,"minecraft:iron_chestplate":1,"minecraft:diamond_pickaxe":2,"minecraft:shield":3,"minecraft:stick":80,"minecraft:iron_ingot":37,"minecraft:stone_sword":1,"minecraft:raw_iron":9,"minecraft:coal":106,"minecraft:furnace":1,"quark:dark_oak_chest":1,"minecraft:cooked_beef":6,"minecraft:diamond_sword":4,"minecraft:cooked_salmon":6,"minecraft:bucket":1,"minecraft:stone_axe":1,"minecraft:air":0,"minecraft:bread":257,"minecraft:oak_boat":2,"minecraft:raw_gold":9,"minecraft:anvil":1,"minecraft:torch":204,"minecraft:diamond_chestplate":1},"minecraft:dropped":{"minecraft:iron_sword":1,"minecraft:stripped_mangrove_wood":15,"minecraft:sandstone_stairs":1,"minecraft:dark_oak_slab":8,"minecraft:cracked_stone_bricks":2,"minecraft:dirt":6,"artifacts:thorn_pendant":1,"minecraft:dark_oak_trapdoor":18,"minecraft:mangrove_stairs":2,"minecraft:stripped_dark_oak_wood":6,"minecraft:chain":8,"minecraft:sand":1,"minecraft:dark_oak_planks":1,"minecraft:mangrove_slab":2,"minecraft:white_wool":2,"minecraft:bone":13,"minecraft:waxed_cut_copper_slab":1,"alexsmobs:animal_dictionary":1,"minecraft:wheat":1,"minecraft:rotten_flesh":40,"supplementaries:flax_seeds":3,"artifacts:umbrella":1,"minecraft:jungle_stairs":3,"minecraft:ladder":2,"minecraft:spruce_slab":11,"minecraft:red_nether_bricks":14,"minecraft:stone_brick_stairs":2,"minecraft:crimson_planks":2,"minecraft:stripped_mangrove_log":5,"minecraft:wheat_seeds":12,"minecraft:waxed_oxidized_cut_copper_stairs":2,"minecraft:oak_fence":12,"minecraft:dark_prismarine_slab":13,"minecraft:cobblestone":1,"minecraft:prismarine_crystals":24,"minecraft:granite":11,"minecraft:spruce_door":4,"minecraft:gray_wool":4,"minecraft:ink_sac":6,"minecraft:wooden_axe":1,"minecraft:gray_carpet":20,"artifacts:bunny_hoppers":1,"minecraft:stone_brick_slab":1,"minecraft:moss_carpet":2,"minecraft:dark_oak_sign":12,"minecraft:bowl":2,"minecraft:suspicious_stew":1,"minecraft:diamond_sword":3,"minecraft:potato":1,"minecraft:peony":2,"minecraft:spruce_planks":3,"collectorsalbum:uncommon_leather_chestplate_card":1,"minecraft:stone_bricks":3,"minecraft:bamboo":3,"minecraft:magma_block":4,"minecraft:dark_prismarine":21,"minecraft:quartz_slab":1,"minecraft:terracotta":4,"minecraft:nether_brick_stairs":3,"minecraft:spruce_sign":3,"minecraft:moss_block":6,"minecraft:dark_oak_stairs":25,"minecraft:diamond_axe":2,"minecraft:ender_pearl":1,"ecologics:coconut_slice":2,"minecraft:lantern":2,"biomemakeover:crude_fragment":1,"minecraft:prismarine_brick_stairs":2,"minecraft:iron_horse_armor":2,"artifacts:anglers_hat":1,"minecraft:cod":6,"minecraft:mutton":1,"minecraft:crimson_roots":2,"minecraft:cut_sandstone":3,"minecraft:gravel":1,"ancient_elements:cloud":1,"minecraft:yellow_wool":4,"minecraft:soul_lantern":1,"minecraft:pointed_dripstone":10,"artifacts:villager_hat":1,"minecraft:stone_stairs":3,"minecraft:gunpowder":103,"minecraft:iron_bars":1,"minecraft:prismarine_bricks":10,"minecraft:purple_carpet":1,"collectorsalbum:album":1,"minecraft:bread":68,"ecologics:crab_claw":1,"minecraft:spruce_stairs":102,"minecraft:mud_brick_wall":3,"minecraft:milk_bucket":1,"minecraft:diorite":6,"minecraft:torch":3,"minecraft:repeater":1,"minecraft:cyan_candle":9,"minecraft:redstone":6,"minecraft:oak_trapdoor":5,"artifacts:kitty_slippers":2,"minecraft:tuff":6,"minecraft:raw_iron":2,"minecraft:red_terracotta":2,"minecraft:andesite":4,"minecraft:mossy_stone_bricks":3,"collectorsalbum:common_leather_boots_card":2,"minecraft:wooden_pickaxe":2,"minecraft:nautilus_shell":1,"minecraft:calcite":27}},"DataVersion":3465}