{"stats":{"minecraft:crafted":{"minecraft:wooden_sword":1,"minecraft:oak_planks":20,"minecraft:diamond_sword":1,"minecraft:crafting_table":2,"minecraft:wooden_pickaxe":2,"minecraft:iron_helmet":1,"minecraft:iron_sword":1,"minecraft:stone_axe":1,"minecraft:iron_chestplate":1,"minecraft:diamond_pickaxe":1,"minecraft:stick":20,"minecraft:stone_pickaxe":1,"minecraft:wooden_axe":1,"minecraft:iron_leggings":1,"minecraft:torch":8},"minecraft:mined":{"minecraft:dark_oak_planks":6,"minecraft:dark_prismarine_stairs":3,"minecraft:dark_prismarine":9,"minecraft:black_terracotta":101,"minecraft:soul_lantern":6,"minecraft:cave_vines_plant":4,"minecraft:mud_brick_stairs":1,"minecraft:sculk_sensor":1,"minecraft:cobblestone":2,"minecraft:mud_bricks":45,"minecraft:oak_planks":7,"minecraft:spawner":1,"minecraft:chain":1,"minecraft:dark_oak_slab":1,"minecraft:packed_mud":23,"minecraft:dark_oak_trapdoor":3,"minecraft:tinted_glass":13,"minecraft:birch_log":1,"minecraft:lilac":1,"minecraft:jukebox":1,"minecraft:andesite":7,"minecraft:stripped_oak_wood":5,"minecraft:dark_prismarine_slab":1,"minecraft:dark_oak_stairs":12,"minecraft:bookshelf":16,"minecraft:cave_vines":7,"minecraft:lantern":7,"minecraft:loom":1,"minecraft:cobweb":1,"minecraft:acacia_planks":1,"minecraft:stone":22,"minecraft:stone_bricks":17,"minecraft:bone_block":20,"minecraft:waxed_exposed_cut_copper":4,"minecraft:waxed_cut_copper_stairs":4,"minecraft:waxed_cut_copper":5,"minecraft:deepslate":41,"minecraft:waxed_cut_copper_slab":6},"minecraft:used":{"minecraft:stone_pickaxe":127,"minecraft:wooden_pickaxe":15,"minecraft:shield":1,"minecraft:iron_sword":219,"minecraft:torch":3,"minecraft:crafting_table":2,"minecraft:book":3,"minecraft:diamond_pickaxe":199,"minecraft:waxed_cut_copper":3,"minecraft:packed_mud":5,"minecraft:mud_bricks":7,"minecraft:stone_bricks":17,"minecraft:stone_axe":48,"minecraft:wooden_sword":2,"minecraft:diamond_sword":68,"minecraft:golden_carrot":7,"minecraft:cobblestone":75,"minecraft:birch_log":1,"minecraft:andesite":7},"minecraft:dropped":{"minecraft:enchanted_book":1,"minecraft:iron_ingot":30,"minecraft:iron_sword":1,"minecraft:stone_axe":1,"alexsmobs:animal_dictionary":1,"minecraft:dark_prismarine_slab":1,"minecraft:iron_helmet":1,"minecraft:rotten_flesh":1,"supplementaries:cartographers_quill":1,"minecraft:waxed_cut_copper":1,"minecraft:iron_chestplate":1,"minecraft:diamond_pickaxe":2,"minecraft:dark_oak_trapdoor":3,"minecraft:mud_brick_stairs":1,"minecraft:spider_eye":1,"minecraft:chainmail_leggings":1,"minecraft:dark_prismarine":8,"minecraft:waxed_cut_copper_slab":3},"minecraft:killed":{"minecraft:spider":1,"hmag:drowned_girl":1,"minecraft:skeleton":10,"minecraft:zombie":1},"minecraft:killed_by":{"minecraft:skeleton":2,"minecraft:zombie":4},"minecraft:broken":{"minecraft:stone_pickaxe":1,"minecraft:diamond_sword":1},"minecraft:picked_up":{"minecraft:birch_log":1,"minecraft:mud_bricks":27,"minecraft:lilac":1,"minecraft:andesite":7,"minecraft:diamond_sword":1,"minecraft:mud_brick_stairs":1,"minecraft:enchanted_book":1,"minecraft:packed_mud":10,"minecraft:shield":1,"minecraft:string":1,"minecraft:dark_oak_trapdoor":3,"minecraft:waxed_cut_copper_slab":3,"minecraft:iron_axe":1,"hmag:evil_crystal_fragment":2,"minecraft:armor_stand":1,"minecraft:bone":21,"minecraft:stone_bricks":17,"minecraft:cobbled_deepslate":41,"minecraft:dark_prismarine_stairs":3,"minecraft:iron_ingot":48,"minecraft:stripped_oak_wood":5,"minecraft:tinted_glass":11,"minecraft:oak_planks":6,"minecraft:dark_oak_stairs":12,"minecraft:iron_boots":1,"minecraft:book":78,"minecraft:golden_helmet":1,"minecraft:dark_oak_slab":1,"minecraft:black_terracotta":65,"minecraft:loom":1,"minecraft:spider_eye":1,"minecraft:dark_prismarine":8,"minecraft:dark_oak_planks":6,"minecraft:dark_prismarine_slab":1,"minecraft:rotten_flesh":1,"minecraft:soul_lantern":1,"minecraft:chainmail_leggings":1,"minecraft:waxed_oxidized_cut_copper_slab":2,"minecraft:waxed_cut_copper":4,"minecraft:cobblestone":23,"minecraft:bone_block":19,"minecraft:diamond_pickaxe":2},"minecraft:custom":{"minecraft:interact_with_furnace":2,"lootr:looted_stat":9,"minecraft:mob_kills":18,"minecraft:interact_with_crafting_table":6,"minecraft:open_barrel":2,"minecraft:interact_with_loom":1,"minecraft:leave_game":2,"minecraft:time_since_death":16375,"minecraft:sleep_in_bed":2,"minecraft:climb_one_cm":4430,"minecraft:time_since_rest":16404,"minecraft:sprint_one_cm":48736,"minecraft:open_enderchest":1,"minecraft:damage_taken":2908,"minecraft:walk_one_cm":193190,"minecraft:damage_blocked_by_shield":100,"minecraft:drop":21,"minecraft:damage_dealt":3280,"minecraft:fly_one_cm":94381,"minecraft:crouch_one_cm":18980,"minecraft:play_time":64908,"minecraft:deaths":7,"minecraft:sneak_time":7635,"minecraft:walk_under_water_one_cm":4723,"minecraft:jump":395,"minecraft:walk_on_water_one_cm":1042,"minecraft:total_world_time":64908,"minecraft:interact_with_smithing_table":1,"minecraft:fall_one_cm":5752}},"DataVersion":3465}