{"stats":{"minecraft:custom":{"minecraft:time_since_rest":7187,"minecraft:damage_dealt":716,"minecraft:damage_taken":762,"minecraft:leave_game":2,"minecraft:play_time":15211,"minecraft:crouch_one_cm":2265,"minecraft:sprint_one_cm":40326,"minecraft:time_since_death":7181,"minecraft:walk_one_cm":41426,"minecraft:deaths":3,"minecraft:sneak_time":619,"minecraft:total_world_time":15211,"minecraft:fall_one_cm":5524,"minecraft:fly_one_cm":82362,"minecraft:player_kills":2,"minecraft:jump":348},"minecraft:picked_up":{"minecraft:filled_map":1,"minecraft:item_frame":2},"minecraft:used":{"minecraft:item_frame":2},"minecraft:mined":{"minecraft:glass":4,"minecraft:black_stained_glass":34,"minecraft:beacon":1,"minecraft:glass_pane":1}},"DataVersion":2730}