{"stats":{"minecraft:custom":{"minecraft:time_since_rest":71,"minecraft:crouch_one_cm":2291,"minecraft:sprint_one_cm":115715,"minecraft:play_time":27211,"minecraft:deaths":38,"minecraft:damage_taken":1914,"minecraft:walk_one_cm":77070,"minecraft:sneak_time":643,"minecraft:jump":678,"minecraft:damage_dealt":864,"minecraft:leave_game":2,"minecraft:walk_on_water_one_cm":568,"minecraft:time_since_death":61,"minecraft:climb_one_cm":15494,"minecraft:total_world_time":27211,"minecraft:fall_one_cm":18734,"minecraft:fly_one_cm":147664,"minecraft:player_kills":5},"minecraft:killed_by":{"minecraft:player":3},"minecraft:picked_up":{"minecraft:item_frame":2,"minecraft:filled_map":1},"minecraft:used":{"minecraft:item_frame":2},"minecraft:mined":{"minecraft:black_stained_glass":34,"minecraft:beacon":1,"minecraft:glass_pane":1,"minecraft:glass":4}},"DataVersion":2730}