{"stats":{"minecraft:picked_up":{"minecraft:item_frame":2,"minecraft:filled_map":1},"minecraft:mined":{"minecraft:glass":4,"minecraft:beacon":1,"minecraft:glass_pane":1},"minecraft:custom":{"minecraft:jump":186,"minecraft:time_since_rest":1268,"minecraft:deaths":1,"minecraft:damage_dealt":333,"minecraft:crouch_one_cm":1819,"minecraft:leave_game":1,"minecraft:play_time":5727,"minecraft:sprint_one_cm":23163,"minecraft:damage_taken":169,"minecraft:time_since_death":1264,"minecraft:walk_one_cm":17647,"minecraft:sneak_time":503,"minecraft:total_world_time":5727,"minecraft:fall_one_cm":2478,"minecraft:fly_one_cm":50262,"minecraft:player_kills":1},"minecraft:used":{"minecraft:item_frame":1}},"DataVersion":2730}