{"stats":{"minecraft:crafted":{"minecraft:wooden_sword":1,"minecraft:oak_planks":44,"minecraft:bone_meal":64,"minecraft:stone_pickaxe":1,"minecraft:bone_block":7,"minecraft:diamond_sword":1,"minecraft:crafting_table":2,"minecraft:wooden_pickaxe":2,"minecraft:iron_helmet":1,"minecraft:iron_sword":1,"minecraft:stone_axe":1,"minecraft:iron_chestplate":1,"minecraft:diamond_pickaxe":2,"minecraft:stick":24,"minecraft:wooden_axe":1,"minecraft:iron_leggings":1,"minecraft:torch":8},"minecraft:mined":{"minecraft:waxed_cut_copper_slab":6,"minecraft:dark_oak_planks":6,"minecraft:dark_prismarine_stairs":3,"minecraft:dark_prismarine":9,"minecraft:black_terracotta":101,"minecraft:cave_vines_plant":4,"minecraft:mud_bricks":46,"minecraft:spawner":1,"minecraft:packed_mud":23,"minecraft:dark_oak_trapdoor":3,"minecraft:andesite":7,"minecraft:dark_oak_stairs":12,"minecraft:bookshelf":16,"minecraft:cave_vines":7,"minecraft:lantern":7,"minecraft:stone":22,"minecraft:bone_block":20,"minecraft:ender_chest":1,"minecraft:waxed_cut_copper":5,"minecraft:waxed_cut_copper_stairs":4,"minecraft:soul_lantern":6,"minecraft:mud_brick_stairs":1,"minecraft:sculk_sensor":1,"minecraft:cobblestone":9,"minecraft:oak_planks":7,"minecraft:chain":1,"minecraft:dark_oak_slab":1,"minecraft:tinted_glass":13,"minecraft:birch_log":1,"minecraft:lilac":1,"minecraft:jukebox":1,"minecraft:stripped_oak_wood":5,"minecraft:dark_prismarine_slab":1,"minecraft:oak_log":6,"minecraft:dirt":1,"minecraft:loom":1,"minecraft:sand":1,"minecraft:cobweb":1,"minecraft:acacia_planks":1,"minecraft:stone_bricks":17,"minecraft:waxed_exposed_cut_copper":5,"minecraft:deepslate":41},"minecraft:used":{"minecraft:shield":4,"minecraft:iron_sword":219,"minecraft:torch":4,"minecraft:waxed_cut_copper":3,"minecraft:packed_mud":5,"minecraft:mud_bricks":7,"minecraft:stone_bricks":17,"minecraft:golden_carrot":10,"minecraft:bow":39,"minecraft:stone_pickaxe":127,"minecraft:wooden_pickaxe":15,"minecraft:diamond_axe":7,"minecraft:crafting_table":2,"minecraft:book":3,"minecraft:diamond_pickaxe":211,"minecraft:bread":2,"quark:pickarang":15,"minecraft:stone_axe":48,"minecraft:diamond_sword":85,"minecraft:wooden_sword":2,"minecraft:cobblestone":99,"minecraft:andesite":7,"minecraft:birch_log":1},"minecraft:dropped":{"minecraft:enchanted_book":1,"minecraft:iron_ingot":30,"minecraft:iron_sword":1,"minecraft:loom":1,"minecraft:iron_helmet":1,"minecraft:dark_prismarine_slab":1,"minecraft:leather":6,"minecraft:golden_apple":1,"minecraft:golden_carrot":2,"minecraft:dark_oak_trapdoor":3,"minecraft:wooden_axe":1,"minecraft:mud_brick_stairs":1,"minecraft:iron_axe":1,"minecraft:heart_of_the_sea":1,"minecraft:chainmail_leggings":1,"minecraft:string":14,"minecraft:dark_oak_planks":4,"hmag:evil_crystal_fragment":2,"minecraft:bone":2,"minecraft:waxed_cut_copper_slab":3,"minecraft:stone_axe":1,"alexsmobs:animal_dictionary":1,"minecraft:rotten_flesh":1,"minecraft:waxed_exposed_cut_copper":3,"supplementaries:cartographers_quill":1,"minecraft:waxed_cut_copper":1,"minecraft:diamond_pickaxe":3,"minecraft:iron_chestplate":1,"minecraft:oak_sapling":1,"minecraft:spider_eye":1,"minecraft:arrow":1,"minecraft:dark_prismarine":8,"quark:pickarang":1},"minecraft:killed":{"creeperoverhaul:beach_creeper":1,"minecraft:spider":2,"hmag:drowned_girl":1,"minecraft:skeleton":14,"minecraft:husk":1,"minecraft:zombie":4},"minecraft:killed_by":{"minecraft:skeleton":2,"minecraft:zombie":4},"minecraft:broken":{"minecraft:stone_pickaxe":1,"minecraft:diamond_sword":1},"minecraft:picked_up":{"minecraft:flower_pot":1,"minecraft:diamond_sword":1,"minecraft:enchanted_book":1,"minecraft:shield":1,"minecraft:waxed_cut_copper_slab":3,"minecraft:string":3,"minecraft:dark_oak_trapdoor":3,"minecraft:iron_axe":1,"minecraft:armor_stand":1,"minecraft:cobbled_deepslate":41,"minecraft:dark_prismarine_stairs":3,"minecraft:waxed_exposed_cut_copper":6,"minecraft:tinted_glass":11,"minecraft:iron_boots":1,"minecraft:golden_helmet":1,"minecraft:stick":9,"sophisticatedbackpacks:backpack":1,"minecraft:dark_oak_planks":8,"minecraft:arrow":1,"minecraft:rotten_flesh":1,"minecraft:gold_ingot":1,"minecraft:waxed_cut_copper":4,"minecraft:obsidian":8,"minecraft:bone_block":19,"minecraft:cobblestone":30,"minecraft:birch_log":1,"minecraft:mud_bricks":28,"minecraft:lilac":1,"minecraft:golden_carrot":1,"minecraft:andesite":7,"minecraft:leather":6,"minecraft:mud_brick_stairs":1,"minecraft:packed_mud":10,"minecraft:oak_log":6,"minecraft:dirt":1,"hmag:evil_crystal_fragment":2,"minecraft:bone":26,"minecraft:stone_bricks":17,"minecraft:heart_of_the_sea":1,"minecraft:iron_ingot":48,"quark:pickarang":1,"minecraft:stripped_oak_wood":5,"minecraft:oak_planks":6,"minecraft:flowering_azalea":1,"minecraft:dark_oak_stairs":12,"minecraft:book":81,"minecraft:black_terracotta":65,"minecraft:dark_oak_slab":1,"minecraft:loom":1,"minecraft:spider_eye":1,"minecraft:dark_prismarine":8,"minecraft:dark_prismarine_slab":1,"minecraft:soul_lantern":1,"minecraft:chainmail_leggings":1,"minecraft:waxed_oxidized_cut_copper_slab":2,"minecraft:oak_sapling":1,"minecraft:wooden_axe":1,"minecraft:diamond_pickaxe":2},"minecraft:custom":{"minecraft:interact_with_smithing_table":1,"lootr:looted_stat":19,"minecraft:mob_kills":29,"minecraft:interact_with_crafting_table":10,"minecraft:open_barrel":2,"minecraft:damage_dealt_resisted":665,"minecraft:leave_game":2,"minecraft:time_since_death":52375,"minecraft:climb_one_cm":5784,"minecraft:sprint_one_cm":80807,"minecraft:walk_one_cm":309496,"minecraft:damage_blocked_by_shield":230,"minecraft:drop":39,"minecraft:play_time":100908,"minecraft:deaths":7,"minecraft:sneak_time":10133,"minecraft:walk_under_water_one_cm":5919,"minecraft:jump":630,"minecraft:interact_with_blast_furnace":1,"minecraft:walk_on_water_one_cm":2218,"minecraft:total_world_time":100908,"minecraft:interact_with_furnace":2,"minecraft:interact_with_loom":2,"minecraft:sleep_in_bed":2,"minecraft:time_since_rest":52404,"minecraft:open_enderchest":3,"minecraft:damage_taken":3211,"minecraft:damage_dealt":3874,"minecraft:fly_one_cm":194641,"minecraft:crouch_one_cm":20725,"minecraft:fall_one_cm":11428}},"DataVersion":3465}