{"stats":{"minecraft:killed_by":{"minecraft:evoker":3,"minecraft:wither_skeleton":27,"minecraft:creeper":2,"hmag:catoblepas":1,"minecraft:pillager":1,"minecraft:ravager":4,"minecraft:drowned":5,"minecraft:vindicator":7,"ancient_elements:aetherial_glaze":13,"minecraft:cave_spider":2,"minecraft:zombie":22,"naturalist:hippo":1,"minecraft:vex":10,"minecraft:husk":4,"minecraft:player":5,"minecraft:hoglin":2,"minecraft:skeleton":44},"minecraft:killed":{"naturalist:zebra":1,"minecraft:cave_spider":3,"minecraft:spider":1,"naturalist:snail":1,"minecraft:skeleton":67,"minecraft:magma_cube":4,"minecraft:pig":2,"minecraft:zombie_villager":1,"minecraft:creeper":3,"minecraft:sheep":6,"minecraft:pillager":18,"minecraft:zombie":14,"alexsmobs:roadrunner":1,"minecraft:cow":13,"minecraft:evoker":3,"minecraft:vex":3,"hmag:creeper_girl":1,"minecraft:vindicator":2,"hmag:skeleton_girl":3,"alexsmobs:tasmanian_devil":2,"naturalist:tortoise":1,"naturalist:duck":1,"minecraft:phantom":1,"hmag:zombie_girl":7,"alexsmobs:bison":1,"alexsmobs:guster":1,"minecraft:husk":35,"hmag:ghost":1,"naturalist:butterfly":1,"ancient_elements:aetherial_glaze":7,"minecraft:rabbit":3,"minecraft:ravager":1,"minecraft:hoglin":4,"minecraft:squid":5,"alexsmobs:emu":1,"alexsmobs:crow":3,"minecraft:wither_skeleton":13,"hmag:cursed_doll":1,"naturalist:sparrow":1},"minecraft:broken":{"minecraft:wooden_axe":1,"minecraft:chainmail_helmet":1,"minecraft:iron_axe":5},"minecraft:picked_up":{"minecraft:wooden_axe":1,"minecraft:iron_chestplate":3,"minecraft:black_carpet":3,"minecraft:wheat":2,"minecraft:redstone_block":2,"minecraft:smithing_table":2,"supplementaries:bomb_blue":1,"artifacts:bunny_hoppers":2,"refurbished_furniture:jungle_chair":1,"minecraft:string":12,"hmag:ravager_meat":6,"minecraft:raw_copper":5,"biomemakeover:cladded_chestplate":2,"minecraft:iron_leggings":1,"minecraft:armor_stand":1,"minecraft:experience_bottle":28,"minecraft:shroomlight":1,"alexsmobs:banana":3,"minecraft:spruce_planks":32,"minecraft:rose_bush":3,"minecraft:smooth_quartz":3,"ecologics:crab_claw":1,"minecraft:furnace":5,"minecraft:stick":43,"minecraft:jukebox":1,"minecraft:torch":188,"minecraft:spruce_stairs":4,"minecraft:porkchop":16,"collectorsalbum:uncommon_card_package":12,"morevillagers:hunting_post":2,"the_bumblezone:bee_stinger":1,"minecraft:bamboo_block":1,"collectorsalbum:epic_card_package":5,"minecraft:mangrove_stairs":1,"minecraft:rotten_flesh":6,"supplementaries:ash":8,"minecraft:waxed_cut_copper":4,"minecraft:iron_bars":4,"hmag:spectral_soup":1,"minecraft:cobblestone":87,"minecraft:birch_log":63,"minecraft:lilac":1,"minecraft:magma_block":1,"hmag:copper_nugget":2,"minecraft:feather":1,"minecraft:jungle_log":214,"minecraft:potato":62,"alexsmobs:bison_fur":1,"minecraft:polished_granite":1,"minecraft:lapis_lazuli":1,"refurbished_furniture:brown_sofa":6,"minecraft:dirt":50,"minecraft:lantern":3,"biomemakeover:crude_fragment":29,"biomemakeover:crude_cladding":1,"minecraft:leather_boots":1,"minecraft:bone":123,"minecraft:acacia_planks":13,"minecraft:wheat_seeds":11,"minecraft:dark_oak_sign":1,"minecraft:rabbit":4,"minecraft:bamboo":6,"minecraft:prismarine":1,"minecraft:oak_planks":34,"ancient_elements:aether_rod":2,"hmag:soul_powder":6,"biomemakeover:mesmerite":4,"minecraft:stripped_acacia_wood":7,"minecraft:oak_pressure_plate":1,"minecraft:sand":64,"minecraft:jungle_planks":52,"ecologics:coconut_husk":3,"minecraft:nether_brick_stairs":1,"minecraft:ink_sac":12,"minecraft:red_terracotta":5,"minecraft:acacia_stairs":3,"minecraft:jungle_slab":1,"minecraft:dark_oak_log":2,"alexsmobs:animal_dictionary":1,"minecraft:mossy_cobblestone":1,"minecraft:dark_prismarine":8,"minecraft:jungle_leaves":19,"minecraft:light_gray_concrete":3,"refurbished_furniture:jungle_storage_cabinet":6,"minecraft:yellow_carpet":2,"minecraft:diamond":21,"minecraft:lever":1,"minecraft:crossbow":1,"minecraft:granite":10,"minecraft:grass":4,"minecraft:emerald":3,"minecraft:bread":10,"minecraft:oak_sapling":33,"minecraft:dark_oak_fence":1,"minecraft:bricks":1,"minecraft:oak_leaves":91,"minecraft:cocoa_beans":77,"minecraft:mud_brick_slab":5,"minecraft:crafting_table":17,"minecraft:golden_pickaxe":1,"minecraft:brown_mushroom":3,"ecologics:seashell":4,"minecraft:gold_block":4,"minecraft:shield":1,"refurbished_furniture:jungle_table":1,"minecraft:jungle_trapdoor":26,"minecraft:iron_axe":1,"collectorsalbum:mythical_card_package":1,"minecraft:netherite_scrap":6,"minecraft:white_carpet":7,"takesapillage:ravager_horn":1,"minecraft:beef":27,"minecraft:oak_boat":4,"minecraft:player_head":5,"minecraft:jungle_sapling":12,"minecraft:spruce_slab":1,"minecraft:lectern":4,"minecraft:sugar_cane":19,"minecraft:chest":6,"minecraft:birch_sapling":12,"minecraft:phantom_membrane":1,"minecraft:raw_iron":97,"minecraft:stripped_mangrove_wood":5,"ecologics:coconut_slice":4,"quark:jungle_chest":1,"sophisticatedbackpacks:backpack":2,"minecraft:carrot":27,"minecraft:blue_carpet":4,"minecraft:dark_oak_planks":29,"minecraft:arrow":1,"minecraft:diamond_chestplate":2,"minecraft:jungle_stairs":10,"minecraft:nether_bricks":2,"minecraft:hay_block":10,"minecraft:warped_sign":2,"minecraft:totem_of_undying":2,"minecraft:mutton":6,"minecraft:bone_block":6,"minecraft:rail":1,"minecraft:white_wool":78,"collectorsalbum:common_card_package":12,"minecraft:netherite_boots":1,"minecraft:jungle_boat":5,"minecraft:mud_bricks":1,"minecraft:clock":1,"minecraft:golden_carrot":1,"minecraft:red_glazed_terracotta":1,"minecraft:leather":16,"minecraft:jungle_fence":11,"minecraft:acacia_wood":9,"minecraft:filled_map":1,"minecraft:birch_planks":68,"minecraft:crimson_fungus":64,"minecraft:oak_log":190,"minecraft:paper":4,"minecraft:white_banner":1,"minecraft:apple":37,"minecraft:stone_bricks":1,"minecraft:acacia_trapdoor":2,"minecraft:rabbit_hide":7,"minecraft:iron_ingot":8,"minecraft:mangrove_planks":1,"minecraft:iron_sword":4,"minecraft:book":81,"minecraft:gravel":12,"refurbished_furniture:workbench":1,"minecraft:white_bed":7,"collectorsalbum:rare_card_package":12,"minecraft:green_carpet":2,"biomemakeover:cladding_upgrade_smithing_template":3,"minecraft:stripped_jungle_log":16,"biomemakeover:cladded_boots":1,"minecraft:iron_helmet":1,"minecraft:diamond_axe":2,"minecraft:gray_wool":4,"minecraft:terracotta":18,"minecraft:baked_potato":9,"minecraft:black_wool":1,"refurbished_furniture:jungle_drawer":8,"minecraft:dark_oak_wood":37,"minecraft:coal":126},"minecraft:custom":{"lootr:looted_stat":216,"minecraft:interact_with_crafting_table":77,"minecraft:open_barrel":7,"minecraft:bell_ring":11,"minecraft:leave_game":12,"minecraft:time_since_death":51255,"minecraft:sprint_one_cm":2443591,"minecraft:drop":342,"minecraft:talked_to_villager":21,"minecraft:play_time":760233,"minecraft:deaths":163,"minecraft:jump":7377,"minecraft:walk_on_water_one_cm":91275,"minecraft:interact_with_furnace":44,"minecraft:interact_with_cartography_table":1,"minecraft:sleep_in_bed":5,"minecraft:open_enderchest":1,"minecraft:damage_dealt":61861,"minecraft:player_kills":5,"minecraft:crouch_one_cm":27381,"minecraft:interact_with_smithing_table":4,"minecraft:mob_kills":245,"minecraft:damage_dealt_resisted":2112,"minecraft:climb_one_cm":152181,"minecraft:walk_one_cm":2173784,"minecraft:sneak_time":12070,"minecraft:walk_under_water_one_cm":94052,"minecraft:boat_one_cm":1927823,"minecraft:total_world_time":760233,"minecraft:time_since_rest":51279,"minecraft:damage_absorbed":120,"minecraft:damage_taken":61989,"minecraft:swim_one_cm":202402,"minecraft:fly_one_cm":1364728,"minecraft:open_chest":8,"minecraft:fall_one_cm":359907},"minecraft:mined":{"minecraft:dark_oak_planks":22,"minecraft:spruce_planks":29,"minecraft:white_bed":6,"minecraft:jungle_slab":2,"minecraft:jungle_leaves":22,"minecraft:granite":6,"minecraft:grass_block":18,"minecraft:jungle_log":210,"minecraft:oak_pressure_plate":1,"minecraft:coal_block":3,"minecraft:mud_bricks":2,"minecraft:spawner":33,"minecraft:tall_seagrass":1,"minecraft:magma_block":1,"minecraft:iron_ore":29,"minecraft:black_carpet":2,"minecraft:nether_brick_stairs":1,"minecraft:dark_oak_stairs":1,"minecraft:dirt_path":4,"minecraft:brown_glazed_terracotta":1,"minecraft:iron_bars":2,"minecraft:light_gray_concrete":4,"minecraft:green_carpet":1,"minecraft:stripped_mangrove_wood":5,"minecraft:spruce_slab":5,"minecraft:jungle_trapdoor":23,"minecraft:waxed_cut_copper":2,"minecraft:cut_sandstone":2,"refurbished_furniture:jungle_chair":2,"lootr:lootr_chest":4,"minecraft:red_bed":1,"minecraft:player_wall_head":1,"refurbished_furniture:jungle_table":1,"minecraft:orange_terracotta":1,"minecraft:torch":10,"minecraft:jungle_stairs":10,"minecraft:dark_oak_wood":39,"minecraft:dead_bush":3,"minecraft:cobblestone":6,"minecraft:potted_acacia_sapling":1,"minecraft:oak_planks":35,"minecraft:sugar_cane":9,"minecraft:prismarine":1,"minecraft:wall_torch":33,"minecraft:seagrass":1,"minecraft:blue_terracotta":1,"ecologics:seashell":2,"minecraft:birch_log":63,"minecraft:wheat":1,"minecraft:lilac":1,"minecraft:jukebox":1,"minecraft:grass":41,"minecraft:oak_log":196,"minecraft:dirt":28,"minecraft:sand":68,"minecraft:smooth_quartz":3,"minecraft:oak_leaves":98,"minecraft:dark_prismarine":8,"biomemakeover:ancient_oak_log":1,"minecraft:oak_door":4,"minecraft:dark_oak_fence":1,"minecraft:jungle_planks":12,"minecraft:stripped_jungle_wood":1,"quark:jungle_chest":1,"minecraft:sandstone":19,"minecraft:hay_block":6,"minecraft:oak_trapdoor":2,"minecraft:furnace":5,"minecraft:carrots":5,"minecraft:acacia_trapdoor":1,"minecraft:acacia_wood":3,"minecraft:acacia_stairs":1,"morevillagers:hunting_post":3,"minecraft:gold_block":5,"minecraft:mossy_stone_brick_stairs":1,"minecraft:bookshelf":27,"minecraft:potatoes":2,"minecraft:shroomlight":2,"minecraft:vine":38,"minecraft:stripped_oak_log":1,"minecraft:stripped_jungle_log":17,"minecraft:stone":68,"minecraft:bone_block":6,"minecraft:white_wool":77,"minecraft:smithing_table":2,"minecraft:mud_brick_slab":4,"minecraft:mangrove_stairs":1,"minecraft:redstone_block":1,"minecraft:glass_pane":2,"minecraft:polished_granite":2,"minecraft:crafting_table":17,"minecraft:rose_bush":2,"minecraft:andesite_slab":1,"minecraft:lectern":4,"refurbished_furniture:jungle_storage_cabinet":7,"minecraft:tall_grass":13,"minecraft:red_glazed_terracotta":1,"refurbished_furniture:workbench":1,"biomemakeover:mesmerite":2,"minecraft:red_terracotta":5,"minecraft:birch_planks":35,"refurbished_furniture:brown_sofa":6,"minecraft:white_carpet":7,"minecraft:birch_leaves":7,"minecraft:jungle_fence":16,"minecraft:mangrove_planks":1,"minecraft:coal_ore":64,"minecraft:cocoa":27,"minecraft:brown_terracotta":1,"refurbished_furniture:jungle_drawer":9,"minecraft:cobweb":1,"minecraft:terracotta":13,"minecraft:acacia_planks":14,"minecraft:stripped_acacia_wood":15,"minecraft:stone_bricks":2},"minecraft:used":{"refurbished_furniture:jungle_chair":4,"minecraft:iron_shovel":87,"minecraft:black_carpet":1,"minecraft:iron_sword":882,"minecraft:player_head":2,"minecraft:oxidized_cut_copper":9,"minecraft:iron_chestplate":3,"minecraft:jungle_planks":140,"minecraft:nether_bricks":2,"minecraft:carrot":3,"minecraft:jungle_slab":1,"minecraft:jungle_fence_gate":2,"minecraft:lantern":1,"refurbished_furniture:brown_sofa":8,"minecraft:iron_helmet":1,"minecraft:bow":1,"minecraft:furnace":3,"minecraft:potato":1,"minecraft:stone_pickaxe":11,"minecraft:jungle_fence":5,"minecraft:oak_planks":499,"minecraft:wooden_pickaxe":17,"minecraft:diamond_axe":594,"minecraft:oak_leaves":77,"minecraft:jungle_boat":5,"minecraft:golden_apple":3,"minecraft:sand":1,"minecraft:shears":165,"minecraft:bread":225,"minecraft:lectern":2,"minecraft:polished_granite":1,"ecologics:coconut_slice":3,"minecraft:chainmail_boots":1,"minecraft:smithing_table":1,"minecraft:oak_boat":3,"minecraft:golden_pickaxe":1,"refurbished_furniture:jungle_table":7,"minecraft:jungle_leaves":18,"minecraft:armor_stand":2,"quark:jungle_chest":1,"minecraft:spruce_planks":10,"refurbished_furniture:jungle_drawer":12,"minecraft:torch":88,"minecraft:dirt":17,"minecraft:white_carpet":5,"minecraft:granite":2,"minecraft:jungle_trapdoor":30,"minecraft:dark_oak_planks":43,"minecraft:wooden_axe":126,"minecraft:waxed_cut_copper":4,"minecraft:iron_axe":1072,"minecraft:jungle_log":39,"minecraft:iron_boots":1,"minecraft:mud_bricks":1,"minecraft:diamond_chestplate":1,"minecraft:golden_carrot":21,"minecraft:netherite_pickaxe":4,"minecraft:acacia_planks":36,"minecraft:iron_leggings":2,"minecraft:water_bucket":7,"minecraft:birch_planks":109,"minecraft:baked_potato":19,"refurbished_furniture:jungle_storage_cabinet":21,"minecraft:terracotta":2,"minecraft:crafting_table":21,"morevillagers:hunting_post":1,"supplementaries:bomb":2,"minecraft:white_bed":4,"minecraft:oak_log":3,"minecraft:dark_prismarine":3,"minecraft:diamond_pickaxe":181,"minecraft:apple":36,"minecraft:stripped_jungle_log":2,"minecraft:iron_pickaxe":165,"minecraft:jungle_stairs":5,"refurbished_furniture:light_electricity_generator":1,"minecraft:cobblestone":6,"refurbished_furniture:workbench":2,"minecraft:jungle_door":1,"minecraft:bucket":7,"minecraft:diamond_leggings":1,"minecraft:birch_stairs":3,"minecraft:chainmail_leggings":1},"minecraft:crafted":{"minecraft:smooth_stone":12,"minecraft:oak_planks":748,"minecraft:jungle_fence_gate":2,"quark:birch_chest":2,"minecraft:stone":15,"sophisticatedbackpacks:crafting_upgrade":1,"minecraft:iron_boots":1,"minecraft:jungle_stairs":4,"refurbished_furniture:light_electricity_generator":1,"sophisticatedbackpacks:backpack":1,"minecraft:diamond_axe":1,"minecraft:crafting_table":9,"minecraft:jungle_boat":1,"minecraft:baked_potato":10,"minecraft:wooden_pickaxe":2,"minecraft:brown_dye":18,"refurbished_furniture:jungle_storage_cabinet":16,"refurbished_furniture:jungle_chair":3,"minecraft:birch_planks":80,"sophisticatedbackpacks:upgrade_base":1,"minecraft:diamond_pickaxe":3,"refurbished_furniture:jungle_drawer":9,"refurbished_furniture:brown_sofa":4,"minecraft:stick":60,"minecraft:iron_ingot":66,"minecraft:iron_pickaxe":2,"minecraft:netherite_ingot":1,"minecraft:birch_stairs":4,"minecraft:shears":2,"minecraft:smooth_stone_slab":6,"quark:jungle_chest":1,"minecraft:furnace":2,"minecraft:blast_furnace":1,"minecraft:jungle_trapdoor":14,"minecraft:white_carpet":3,"refurbished_furniture:workbench":1,"minecraft:iron_axe":7,"minecraft:stone_pickaxe":1,"minecraft:jungle_fence":9,"minecraft:dark_oak_planks":120,"minecraft:wheat":36,"minecraft:iron_sword":1,"refurbished_furniture:jungle_table":7,"minecraft:jungle_slab":24,"minecraft:air":0,"minecraft:jungle_planks":468,"refurbished_furniture:wrench":1,"minecraft:jungle_door":3,"minecraft:wooden_axe":2,"minecraft:iron_shovel":1,"minecraft:iron_leggings":1,"minecraft:armor_stand":1,"minecraft:stonecutter":1,"minecraft:torch":36,"minecraft:acacia_planks":36},"minecraft:dropped":{"minecraft:iron_sword":2,"minecraft:brown_mushroom":3,"minecraft:porkchop":9,"minecraft:diamond_axe":1,"minecraft:lapis_lazuli":1,"minecraft:baked_potato":13,"minecraft:diamond":5,"minecraft:crafting_table":1,"ecologics:coconut_slice":11,"biomemakeover:cladded_leggings":1,"minecraft:jungle_planks":41,"minecraft:flint":2,"minecraft:dirt":8,"minecraft:red_bed":1,"minecraft:grass":4,"minecraft:mutton":2,"minecraft:dark_oak_wood":7,"minecraft:jungle_sapling":14,"minecraft:gold_nugget":4,"collectorsalbum:uncommon_card_package":2,"minecraft:iron_pickaxe":1,"minecraft:bone":4,"minecraft:gold_ingot":4,"minecraft:crimson_fungus":32,"minecraft:golden_chestplate":1,"minecraft:black_carpet":1,"minecraft:birch_sapling":11,"minecraft:rotten_flesh":7,"minecraft:oak_planks":33,"minecraft:prismarine":1,"minecraft:white_bed":3,"minecraft:rabbit_hide":6,"supplementaries:ash":4,"supplementaries:cartographers_quill":1,"minecraft:gunpowder":23,"minecraft:skeleton_skull":1,"minecraft:jungle_stairs":1,"ecologics:coconut_husk":2,"minecraft:chainmail_boots":1,"minecraft:arrow":1,"minecraft:beef":3,"minecraft:quartz":19,"minecraft:water_bucket":1,"minecraft:iron_ingot":32,"collectorsalbum:epic_card_package":1,"minecraft:wheat_seeds":5,"minecraft:clock":1,"hmag:cureberry":1,"minecraft:tnt":4,"minecraft:mossy_cobblestone":1,"minecraft:iron_helmet":1,"minecraft:feather":1,"minecraft:cobblestone":29,"minecraft:book":1,"minecraft:apple":36,"minecraft:granite":5,"minecraft:stripped_jungle_log":4,"minecraft:golden_apple":3,"minecraft:coal":12,"alexsmobs:raw_catfish":1,"minecraft:stick":26,"minecraft:torch":9,"minecraft:wooden_axe":1,"minecraft:rabbit":2,"minecraft:rose_bush":1,"supplementaries:bomb_blue":1,"minecraft:iron_leggings":1,"minecraft:jungle_leaves":1,"minecraft:white_banner":1,"minecraft:iron_shovel":1,"minecraft:chainmail_leggings":1,"minecraft:paper":2,"minecraft:bucket":1,"minecraft:raw_copper":5,"minecraft:jukebox":1,"biomemakeover:cladded_chestplate":1,"collectorsalbum:rare_card_package":2,"minecraft:white_carpet":1,"sophisticatedbackpacks:backpack":1,"collectorsalbum:common_card_package":2,"minecraft:potato":1,"minecraft:hay_block":8,"minecraft:iron_chestplate":4,"minecraft:oak_sapling":13,"minecraft:stone_bricks":1,"minecraft:bamboo":5,"minecraft:bow":1,"minecraft:wooden_pickaxe":1,"ecologics:seashell":2,"minecraft:magma_block":1}},"DataVersion":3465}