{"stats":{"minecraft:custom":{"minecraft:jump":923,"minecraft:time_since_rest":12218,"minecraft:leave_game":1,"minecraft:walk_on_water_one_cm":1766,"minecraft:crouch_one_cm":1307,"minecraft:deaths":5,"minecraft:sprint_one_cm":153916,"minecraft:play_time":21543,"minecraft:damage_taken":1170,"minecraft:time_since_death":12216,"minecraft:walk_one_cm":33160,"minecraft:sneak_time":546,"minecraft:climb_one_cm":5970,"minecraft:total_world_time":21543,"minecraft:walk_under_water_one_cm":3070,"minecraft:swim_one_cm":18769,"minecraft:fall_one_cm":29866,"minecraft:fly_one_cm":211443}},"DataVersion":2730}