{"stats":{"minecraft:custom":{"minecraft:jump":818,"minecraft:time_since_rest":43004,"minecraft:leave_game":1,"minecraft:deaths":10,"minecraft:crouch_one_cm":1525,"minecraft:walk_on_water_one_cm":3082,"minecraft:sprint_one_cm":156845,"minecraft:play_time":65229,"minecraft:damage_taken":2970,"minecraft:time_since_death":43003,"minecraft:walk_one_cm":56417,"minecraft:sneak_time":603,"minecraft:climb_one_cm":8634,"minecraft:total_world_time":65229,"minecraft:walk_under_water_one_cm":23342,"minecraft:swim_one_cm":1199,"minecraft:fall_one_cm":31743,"minecraft:fly_one_cm":161257}},"DataVersion":2730}