{"stats":{"minecraft:custom":{"minecraft:jump":1017,"minecraft:time_since_rest":1564,"minecraft:leave_game":1,"minecraft:crouch_one_cm":815,"minecraft:walk_on_water_one_cm":2698,"minecraft:deaths":17,"minecraft:sprint_one_cm":152135,"minecraft:play_time":27302,"minecraft:damage_taken":4820,"minecraft:time_since_death":1563,"minecraft:walk_one_cm":33831,"minecraft:sneak_time":187,"minecraft:climb_one_cm":10860,"minecraft:total_world_time":27302,"minecraft:walk_under_water_one_cm":6864,"minecraft:swim_one_cm":16393,"minecraft:fall_one_cm":41800,"minecraft:fly_one_cm":223524}},"DataVersion":2730}