{"stats":{"minecraft:custom":{"minecraft:jump":815,"minecraft:time_since_rest":66,"minecraft:walk_on_water_one_cm":746,"minecraft:damage_dealt":503,"minecraft:sprint_one_cm":168752,"minecraft:damage_taken":1115,"minecraft:leave_game":3,"minecraft:play_time":35379,"minecraft:walk_one_cm":71936,"minecraft:time_since_death":60,"minecraft:deaths":34,"minecraft:sneak_time":57,"minecraft:climb_one_cm":10030,"minecraft:total_world_time":35379,"minecraft:fall_one_cm":19167,"minecraft:fly_one_cm":137802,"minecraft:player_kills":2},"minecraft:killed_by":{"minecraft:player":1}},"DataVersion":2730}