{"stats":{"minecraft:custom":{"minecraft:time_since_rest":254,"minecraft:play_time":9896,"minecraft:sprint_one_cm":44857,"minecraft:walk_one_cm":26032,"minecraft:damage_taken":1326,"minecraft:deaths":5,"minecraft:drop":10,"minecraft:jump":231,"minecraft:damage_dealt":545,"minecraft:time_since_death":225,"minecraft:total_world_time":9896,"minecraft:fall_one_cm":2893,"minecraft:fly_one_cm":52194,"minecraft:player_kills":1},"minecraft:mined":{"lucky:lucky_block":2},"minecraft:killed_by":{"minecraft:player":3},"minecraft:dropped":{"minecraft:slime_block":1,"lucky:lucky_potion":9},"minecraft:used":{"lucky:lucky_potion":2,"lucky:lucky_sword":2},"minecraft:picked_up":{"lucky:lucky_potion":15,"minecraft:anvil":1,"minecraft:sugar":9,"minecraft:slime_block":11,"lucky:lucky_sword":1,"minecraft:enchanted_book":7,"minecraft:cookie":11,"lucky:lucky_bow":1}},"DataVersion":3465}