{"stats":{"minecraft:custom":{"minecraft:time_since_rest":896,"minecraft:sprint_one_cm":64714,"minecraft:damage_taken":2410,"minecraft:walk_one_cm":51024,"minecraft:mob_kills":1,"minecraft:drop":2,"minecraft:damage_dealt":641,"minecraft:fly_one_cm":57994,"minecraft:player_kills":2,"minecraft:crouch_one_cm":39,"minecraft:play_time":24637,"minecraft:deaths":7,"minecraft:sneak_time":853,"minecraft:walk_under_water_one_cm":36,"minecraft:jump":238,"minecraft:walk_on_water_one_cm":17,"minecraft:time_since_death":862,"minecraft:total_world_time":24637,"minecraft:fall_one_cm":3574},"minecraft:mined":{"minecraft:cobblestone_stairs":3,"minecraft:iron_bars":2,"lucky:lucky_block":10},"minecraft:killed_by":{"minecraft:skeleton":1,"minecraft:guardian":1},"minecraft:dropped":{"minecraft:gold_nugget":2},"minecraft:used":{"minecraft:lava_bucket":1,"minecraft:diamond_pickaxe":3,"minecraft:stone_sword":6,"minecraft:stone_pickaxe":2,"minecraft:baked_potato":3,"minecraft:diamond_sword":11,"minecraft:bucket":1,"minecraft:skeleton_skull":1,"minecraft:potato":3,"minecraft:cooked_beef":1},"minecraft:picked_up":{"minecraft:fishing_rod":1,"minecraft:golden_helmet":1,"minecraft:milk_bucket":2,"minecraft:cooked_beef":1,"minecraft:water_bucket":1,"minecraft:prismarine_shard":1,"minecraft:golden_leggings":1,"minecraft:diamond_sword":3,"minecraft:poisonous_potato":19,"minecraft:potato":74,"minecraft:lava_bucket":1,"minecraft:golden_boots":1,"minecraft:cobblestone_stairs":3,"minecraft:golden_chestplate":1,"minecraft:prismarine_crystals":1,"minecraft:stone_sword":1,"minecraft:birch_fence":4,"minecraft:stone_shovel":1,"minecraft:diamond":18,"minecraft:stone_axe":1,"minecraft:gold_nugget":1,"minecraft:bucket":2,"minecraft:stone_pickaxe":1,"minecraft:player_head":1,"minecraft:gold_ingot":8,"minecraft:golden_horse_armor":1,"minecraft:baked_potato":53,"minecraft:stone_hoe":1,"minecraft:iron_bars":1,"minecraft:skeleton_skull":3,"minecraft:diamond_pickaxe":1}},"DataVersion":3465}