{"stats":{"minecraft:custom":{"minecraft:jump":138,"minecraft:time_since_rest":67,"minecraft:walk_on_water_one_cm":17,"minecraft:damage_dealt":46,"minecraft:deaths":3,"minecraft:sprint_one_cm":31141,"minecraft:play_time":12637,"minecraft:damage_taken":686,"minecraft:time_since_death":41,"minecraft:walk_one_cm":20241,"minecraft:total_world_time":12637,"minecraft:walk_under_water_one_cm":36,"minecraft:mob_kills":1,"minecraft:fall_one_cm":2508,"minecraft:fly_one_cm":35605},"minecraft:mined":{"lucky:lucky_block":1},"minecraft:killed_by":{"minecraft:guardian":1},"minecraft:used":{"minecraft:cooked_beef":1},"minecraft:picked_up":{"minecraft:gold_ingot":8,"minecraft:cooked_beef":1}},"DataVersion":3465}