{"stats":{"minecraft:custom":{"minecraft:time_since_rest":1766,"minecraft:sprint_one_cm":81700,"minecraft:open_enderchest":1,"minecraft:damage_taken":2827,"minecraft:walk_one_cm":81451,"minecraft:mob_kills":1,"minecraft:drop":14,"minecraft:damage_dealt":708,"minecraft:fly_one_cm":92882,"minecraft:player_kills":8,"minecraft:open_chest":2,"minecraft:crouch_one_cm":138,"minecraft:play_time":21896,"minecraft:sneak_time":16,"minecraft:deaths":10,"minecraft:jump":406,"minecraft:time_since_death":1741,"minecraft:walk_on_water_one_cm":870,"minecraft:total_world_time":21896,"minecraft:fall_one_cm":4255},"minecraft:killed":{"minecraft:rabbit":1},"minecraft:mined":{"lucky:lucky_block":14},"minecraft:killed_by":{"minecraft:player":3,"minecraft:creeper":1,"minecraft:zombie":1},"minecraft:dropped":{"minecraft:leather_boots":1,"minecraft:gold_nugget":2,"lucky:lucky_potion":9,"minecraft:slime_block":1,"minecraft:rabbit_stew":1},"minecraft:used":{"minecraft:leather_leggings":1,"minecraft:leather_helmet":2,"minecraft:leather_chestplate":2,"minecraft:ender_chest":1,"lucky:lucky_sword":2,"minecraft:leather_boots":1,"minecraft:rabbit_stew":1,"lucky:lucky_potion":2},"minecraft:picked_up":{"minecraft:leather_chestplate":3,"minecraft:ender_chest":2,"minecraft:anvil":1,"minecraft:rabbit_stew":5,"minecraft:leather_leggings":2,"minecraft:bowl":1,"minecraft:poisonous_potato":4,"minecraft:potato":15,"minecraft:enchanted_book":10,"minecraft:cookie":11,"minecraft:rabbit_foot":3,"minecraft:leather_helmet":4,"lucky:lucky_bow":1,"lucky:lucky_potion":15,"minecraft:leather_boots":3,"minecraft:sugar":9,"minecraft:slime_block":12,"minecraft:gold_nugget":1,"lucky:lucky_sword":1,"minecraft:rabbit_hide":1,"minecraft:painting":5,"minecraft:baked_potato":12}},"DataVersion":3465}