{"stats":{"minecraft:custom":{"minecraft:jump":370,"minecraft:time_since_rest":840,"minecraft:walk_on_water_one_cm":256,"minecraft:damage_dealt":464,"minecraft:sprint_one_cm":88915,"minecraft:damage_taken":1065,"minecraft:leave_game":3,"minecraft:play_time":23379,"minecraft:walk_one_cm":44386,"minecraft:time_since_death":835,"minecraft:deaths":16,"minecraft:sneak_time":57,"minecraft:climb_one_cm":6414,"minecraft:total_world_time":23379,"minecraft:fall_one_cm":7914,"minecraft:fly_one_cm":72072,"minecraft:player_kills":1},"minecraft:killed_by":{"minecraft:player":1}},"DataVersion":2730}