{"stats":{"minecraft:custom":{"minecraft:time_since_rest":4123,"minecraft:sprint_one_cm":98780,"minecraft:open_enderchest":1,"minecraft:damage_taken":4415,"minecraft:walk_one_cm":110020,"minecraft:mob_kills":3,"minecraft:drop":18,"minecraft:damage_dealt":931,"minecraft:swim_one_cm":23,"minecraft:fly_one_cm":156044,"minecraft:player_kills":9,"minecraft:open_chest":3,"minecraft:crouch_one_cm":528,"minecraft:play_time":33896,"minecraft:sneak_time":324,"minecraft:deaths":15,"minecraft:walk_under_water_one_cm":1579,"minecraft:jump":537,"minecraft:time_since_death":4082,"minecraft:walk_on_water_one_cm":870,"minecraft:total_world_time":33896,"minecraft:fall_one_cm":6959},"minecraft:killed":{"minecraft:rabbit":2},"minecraft:mined":{"minecraft:glass":4,"lucky:lucky_block":25},"minecraft:killed_by":{"minecraft:player":4,"minecraft:magma_cube":2,"minecraft:creeper":1,"minecraft:zombie":1},"minecraft:dropped":{"minecraft:leather_boots":1,"minecraft:golden_hoe":2,"minecraft:gold_nugget":2,"minecraft:slime_ball":1,"lucky:lucky_potion":9,"minecraft:slime_block":1,"minecraft:rabbit_stew":1,"minecraft:pufferfish":1},"minecraft:used":{"minecraft:leather_leggings":1,"minecraft:enchanting_table":1,"minecraft:rabbit":1,"minecraft:leather_helmet":2,"minecraft:leather_chestplate":2,"minecraft:ender_chest":1,"lucky:lucky_sword":2,"minecraft:leather_boots":1,"minecraft:golden_sword":1,"minecraft:rabbit_stew":1,"lucky:lucky_potion":2,"minecraft:golden_pickaxe":1},"minecraft:picked_up":{"minecraft:enchanting_table":1,"minecraft:splash_potion":3,"minecraft:leather_chestplate":3,"minecraft:ender_chest":2,"minecraft:anvil":1,"minecraft:golden_pickaxe":1,"minecraft:rabbit_stew":5,"minecraft:leather_leggings":2,"minecraft:bowl":1,"minecraft:poisonous_potato":4,"minecraft:potato":15,"minecraft:potion":3,"minecraft:diamond_horse_armor":1,"minecraft:enchanted_book":10,"minecraft:golden_shovel":1,"minecraft:golden_axe":1,"minecraft:cookie":11,"minecraft:golden_sword":1,"minecraft:iron_horse_armor":1,"minecraft:rabbit_foot":3,"minecraft:leather_helmet":4,"lucky:lucky_bow":1,"minecraft:pufferfish":1,"lucky:lucky_potion":15,"minecraft:leather_boots":3,"minecraft:sugar":9,"minecraft:slime_ball":1,"minecraft:slime_block":12,"minecraft:golden_hoe":2,"minecraft:gold_nugget":1,"lucky:lucky_sword":1,"minecraft:rabbit_hide":1,"minecraft:painting":5,"minecraft:golden_horse_armor":3,"minecraft:rabbit":1,"minecraft:baked_potato":12}},"DataVersion":3465}