{"stats":{"minecraft:custom":{"minecraft:jump":830,"minecraft:time_since_rest":36899,"minecraft:leave_game":1,"minecraft:walk_on_water_one_cm":932,"minecraft:crouch_one_cm":920,"minecraft:deaths":6,"minecraft:sprint_one_cm":106172,"minecraft:play_time":61651,"minecraft:damage_taken":1760,"minecraft:time_since_death":36898,"minecraft:walk_one_cm":20223,"minecraft:sneak_time":179,"minecraft:climb_one_cm":7927,"minecraft:total_world_time":61651,"minecraft:fall_one_cm":19969,"minecraft:fly_one_cm":198810}},"DataVersion":2730}