{"stats":{"minecraft:custom":{"minecraft:jump":842,"minecraft:time_since_rest":9445,"minecraft:leave_game":1,"minecraft:walk_on_water_one_cm":3095,"minecraft:crouch_one_cm":3674,"minecraft:deaths":14,"minecraft:sprint_one_cm":169565,"minecraft:play_time":42682,"minecraft:damage_taken":4070,"minecraft:time_since_death":9442,"minecraft:walk_one_cm":87286,"minecraft:sneak_time":889,"minecraft:climb_one_cm":14115,"minecraft:total_world_time":42682,"minecraft:walk_under_water_one_cm":23235,"minecraft:swim_one_cm":1226,"minecraft:fall_one_cm":35554,"minecraft:fly_one_cm":131958}},"DataVersion":2730}