{"stats":{"minecraft:custom":{"minecraft:jump":1844,"minecraft:time_since_rest":670,"minecraft:leave_game":1,"minecraft:walk_on_water_one_cm":1785,"minecraft:crouch_one_cm":3603,"minecraft:deaths":38,"minecraft:sprint_one_cm":211223,"minecraft:play_time":43383,"minecraft:damage_taken":10390,"minecraft:time_since_death":669,"minecraft:walk_one_cm":37588,"minecraft:sneak_time":945,"minecraft:climb_one_cm":6822,"minecraft:total_world_time":43383,"minecraft:walk_under_water_one_cm":43134,"minecraft:swim_one_cm":2973,"minecraft:fall_one_cm":60060,"minecraft:fly_one_cm":438719}},"DataVersion":2730}