{"stats":{"minecraft:used":{"minecraft:oak_sign":2,"minecraft:stone_pressure_plate":1,"minecraft:sand":835,"minecraft:stone":32,"minecraft:spyglass":81,"minecraft:redstone_block":2,"minecraft:granite":1,"minecraft:command_block":1,"minecraft:red_wool":61},"minecraft:picked_up":{"minecraft:sand":21},"minecraft:custom":{"minecraft:jump":254,"minecraft:time_since_rest":31039,"minecraft:crouch_one_cm":2100,"minecraft:leave_game":7,"minecraft:play_time":134401,"minecraft:sprint_one_cm":18748,"minecraft:deaths":4,"minecraft:time_since_death":31011,"minecraft:walk_one_cm":11512,"minecraft:sneak_time":4458,"minecraft:total_world_time":135685,"minecraft:fly_one_cm":1255740}},"DataVersion":2730}