{"stats":{"minecraft:dropped":{"minecraft:birch_sign":1,"minecraft:polished_blackstone_button":1,"minecraft:bucket":1,"minecraft:cat_spawn_egg":1},"minecraft:picked_up":{"minecraft:polished_blackstone_button":18,"minecraft:birch_sign":1},"minecraft:custom":{"minecraft:time_since_rest":12349,"minecraft:crouch_one_cm":1916,"minecraft:play_time":119305,"minecraft:sprint_one_cm":242130,"minecraft:walk_one_cm":372599,"minecraft:damage_taken":21630,"minecraft:deaths":76,"minecraft:sneak_time":1058,"minecraft:walk_under_water_one_cm":23353,"minecraft:drop":4,"minecraft:jump":1447,"minecraft:leave_game":1,"minecraft:time_since_death":12348,"minecraft:walk_on_water_one_cm":3302,"minecraft:total_world_time":119305,"minecraft:climb_one_cm":19597,"minecraft:swim_one_cm":958,"minecraft:fly_one_cm":690857,"minecraft:fall_one_cm":45923},"minecraft:used":{"minecraft:stone_brick_stairs":1,"minecraft:stone_bricks":7,"minecraft:command_block":38,"minecraft:smooth_quartz_slab":40,"minecraft:birch_sign":54,"minecraft:polished_blackstone":1,"minecraft:barrier":34,"minecraft:white_stained_glass":283,"minecraft:oak_planks":2,"minecraft:polished_blackstone_button":37,"minecraft:smooth_quartz":628,"minecraft:milk_bucket":1,"minecraft:cat_spawn_egg":52}},"DataVersion":2730}