{
  "takesapillage:root": {
    "criteria": {
      "always": "2024-10-27 03:31:49 +0000"
    },
    "done": true
  },
  "morevillagers:root": {
    "criteria": {
      "always": "2024-10-27 03:31:49 +0000"
    },
    "done": true
  },
  "ancient_elements:ancient_elements": {
    "criteria": {
      "ancient_elements": "2024-10-27 03:31:49 +0000"
    },
    "done": true
  },
  "explorerscompass:explorers_compass_cracked_stone_bricks": {
    "criteria": {
      "has_recipe": "2024-10-27 03:31:49 +0000"
    },
    "done": true
  },
  "dungeons_arise:wda_root": {
    "criteria": {
      "WDA": "2024-10-27 03:31:49 +0000"
    },
    "done": true
  },
  "the_bumblezone:root": {
    "criteria": {
      "instant_granted": "2024-10-27 03:31:49 +0000"
    },
    "done": true
  },
  "the_bumblezone:wiki": {
    "criteria": {
      "instant_granted": "2024-10-27 03:31:49 +0000"
    },
    "done": true
  },
  "repurposed_structures:root": {
    "criteria": {
      "always": "2024-10-27 03:31:49 +0000"
    },
    "done": true
  },
  "lootr:root": {
    "criteria": {
      "always_true": "2024-10-27 03:31:49 +0000"
    },
    "done": true
  },
  "explorerscompass:explorers_compass_cobweb": {
    "criteria": {
      "has_recipe": "2024-10-27 03:31:49 +0000"
    },
    "done": true
  },
  "incendium:technical/new_player": {
    "criteria": {
      "requirement": "2024-10-27 03:31:49 +0000"
    },
    "done": true
  },
  "explorerscompass:explorers_compass": {
    "criteria": {
      "has_recipe": "2024-10-27 03:31:49 +0000"
    },
    "done": true
  },
  "incendium:technical/scroll_of_returning": {
    "criteria": {
      "log_spam_fixer": "2024-10-27 03:31:50 +0000"
    },
    "done": false
  },
  "incendium:technical/sentrys_wrath": {
    "criteria": {
      "log_spam_fixer": "2024-10-27 03:31:50 +0000"
    },
    "done": false
  },
  "incendium:technical/inventory/sentrys_wrath": {
    "criteria": {
      "log_spam_fixer": "2024-10-27 03:31:50 +0000"
    },
    "done": false
  },
  "incendium:technical/multiplex_crossbow": {
    "criteria": {
      "log_spam_fixer": "2024-10-27 03:31:50 +0000"
    },
    "done": false
  },
  "incendium:technical/using/ragnarok": {
    "criteria": {
      "log_spam_fixer": "2024-10-27 03:31:50 +0000"
    },
    "done": false
  },
  "incendium:technical/feed_ghastling": {
    "criteria": {
      "log_spam_fixer": "2024-10-27 03:31:50 +0000"
    },
    "done": false
  },
  "incendium:technical/on_inventory_change": {
    "criteria": {
      "log_spam_fixer": "2024-10-27 03:31:50 +0000"
    },
    "done": false
  },
  "incendium:technical/on_player_hurt": {
    "criteria": {
      "requirement": "2024-10-27 03:32:08 +0000",
      "log_spam_fixer": "2024-10-27 03:31:50 +0000"
    },
    "done": true
  },
  "incendium:technical/using/trailblazer": {
    "criteria": {
      "log_spam_fixer": "2024-10-27 03:31:50 +0000"
    },
    "done": false
  },
  "incendium:technical/firestorm": {
    "criteria": {
      "log_spam_fixer": "2024-10-27 03:31:50 +0000"
    },
    "done": false
  },
  "minecraft:adventure/adventuring_time": {
    "criteria": {
      "minecraft:snowy_slopes": "2024-10-29 02:54:34 +0000",
      "minecraft:deep_ocean": "2024-10-27 04:36:26 +0000",
      "minecraft:cherry_grove": "2024-10-27 05:01:46 +0000",
      "minecraft:sunflower_plains": "2024-10-27 05:01:29 +0000",
      "minecraft:birch_forest": "2024-10-27 05:06:00 +0000",
      "minecraft:beach": "2024-10-27 03:39:24 +0000",
      "minecraft:dark_forest": "2024-10-27 05:09:30 +0000",
      "minecraft:sparse_jungle": "2024-10-27 04:19:08 +0000",
      "minecraft:lukewarm_ocean": "2024-10-27 04:04:40 +0000",
      "minecraft:river": "2024-10-27 03:36:42 +0000",
      "minecraft:stony_shore": "2024-10-27 04:42:49 +0000",
      "minecraft:cold_ocean": "2024-10-27 04:42:45 +0000",
      "minecraft:forest": "2024-10-27 03:31:50 +0000",
      "minecraft:deep_cold_ocean": "2024-10-29 02:56:55 +0000",
      "minecraft:desert": "2024-10-27 03:51:12 +0000",
      "minecraft:jungle": "2024-10-27 04:07:09 +0000",
      "minecraft:ocean": "2024-10-27 04:35:36 +0000",
      "minecraft:warm_ocean": "2024-10-27 04:01:30 +0000",
      "minecraft:old_growth_birch_forest": "2024-10-27 05:06:53 +0000",
      "minecraft:meadow": "2024-10-27 05:03:16 +0000",
      "minecraft:savanna": "2024-10-27 04:09:39 +0000",
      "minecraft:plains": "2024-10-27 03:36:47 +0000"
    },
    "done": false
  },
  "incendium:technical/holy_wrath": {
    "criteria": {
      "log_spam_fixer": "2024-10-27 03:31:50 +0000"
    },
    "done": false
  },
  "incendium:technical/on_block": {
    "criteria": {
      "log_spam_fixer": "2024-10-27 03:31:50 +0000"
    },
    "done": false
  },
  "incendium:technical/using/shield": {
    "criteria": {
      "requirement": "2024-10-29 02:01:24 +0000",
      "log_spam_fixer": "2024-10-27 03:31:50 +0000"
    },
    "done": true
  },
  "incendium:technical/inventory/firestorm": {
    "criteria": {
      "log_spam_fixer": "2024-10-27 03:31:50 +0000"
    },
    "done": false
  },
  "incendium:technical/give_ghastling": {
    "criteria": {
      "log_spam_fixer": "2024-10-27 03:31:50 +0000"
    },
    "done": false
  },
  "incendium:technical/on_kill": {
    "criteria": {
      "log_spam_fixer": "2024-10-27 03:31:50 +0000"
    },
    "done": false
  },
  "repurposed_structures:igloos": {
    "criteria": {
      "in_igloo_grassy": "2024-10-27 03:34:10 +0000"
    },
    "done": false
  },
  "minecraft:adventure/root": {
    "criteria": {
      "killed_by_something": "2024-10-27 03:36:52 +0000"
    },
    "done": true
  },
  "dungeons_arise:find_lighthouse": {
    "criteria": {
      "location0": "2024-10-27 03:42:42 +0000"
    },
    "done": true
  },
  "aquamirae:adventure/root": {
    "criteria": {
      "crafting_table": "2024-10-27 03:42:50 +0000"
    },
    "done": true
  },
  "minecraft:story/root": {
    "criteria": {
      "crafting_table": "2024-10-27 03:42:50 +0000"
    },
    "done": true
  },
  "cavernous:root": {
    "criteria": {
      "makepickaxe": "2024-10-27 03:43:09 +0000"
    },
    "done": true
  },
  "lootr:1chest": {
    "criteria": {
      "opened_chest": "2024-10-27 03:45:17 +0000"
    },
    "done": true
  },
  "lootr:social": {
    "criteria": {
      "opened_barrel": "2024-10-27 04:01:33 +0000",
      "opened_chest": "2024-10-27 03:45:17 +0000"
    },
    "done": false
  },
  "minecraft:husbandry/balanced_diet": {
    "criteria": {
      "apple": "2024-10-27 04:29:41 +0000",
      "pumpkin_pie": "2024-10-29 02:48:48 +0000",
      "bread": "2024-10-27 03:45:28 +0000",
      "dried_kelp": "2024-10-27 04:54:29 +0000",
      "golden_carrot": "2024-10-29 03:45:39 +0000"
    },
    "done": false
  },
  "minecraft:husbandry/root": {
    "criteria": {
      "consumed_item": "2024-10-27 03:45:28 +0000"
    },
    "done": true
  },
  "lootr:10loot": {
    "criteria": {
      "loot_stat": "2024-10-27 03:47:12 +0000"
    },
    "done": true
  },
  "cavernous:spelunkage": {
    "criteria": {
      "diamond": "2024-10-29 02:02:45 +0000",
      "cobblestone": "2024-10-27 03:56:57 +0000",
      "granite": "2024-10-29 02:55:52 +0000",
      "cobbled_deepslate": "2024-10-27 03:48:50 +0000",
      "lapis": "2024-10-29 04:28:57 +0000"
    },
    "done": false
  },
  "minecraft:adventure/sleep_in_bed": {
    "criteria": {
      "slept_in_bed": "2024-10-27 03:49:46 +0000"
    },
    "done": true
  },
  "alexsmobs:alexsmobs/root": {
    "criteria": {
      "useitem": "2024-10-27 03:50:29 +0000"
    },
    "done": true
  },
  "lootr:25loot": {
    "criteria": {
      "loot_stat": "2024-10-27 03:52:08 +0000"
    },
    "done": true
  },
  "minecraft:story/mine_stone": {
    "criteria": {
      "get_stone": "2024-10-27 03:53:46 +0000"
    },
    "done": true
  },
  "cavernous:geology_rocks": {
    "criteria": {
      "cobblestone": "2024-10-27 03:53:46 +0000",
      "granite": "2024-10-29 03:37:49 +0000"
    },
    "done": false
  },
  "minecraft:story/upgrade_tools": {
    "criteria": {
      "stone_pickaxe": "2024-10-27 03:54:09 +0000"
    },
    "done": true
  },
  "artifacts:amateur_archaeologist": {
    "criteria": {
      "find_artifact": "2024-10-27 03:58:37 +0000"
    },
    "done": true
  },
  "lootr:1barrel": {
    "criteria": {
      "opened_barrel": "2024-10-27 04:01:33 +0000"
    },
    "done": true
  },
  "dungeons_arise:find_typhon": {
    "criteria": {
      "location0": "2024-10-27 04:05:13 +0000"
    },
    "done": true
  },
  "the_bumblezone:teleportation/is_near_beehive": {
    "criteria": {
      "is_near_beehive": "2024-10-27 04:07:13 +0000"
    },
    "done": true
  },
  "alexsmobs:alexsmobs/stomp_leafcutter_anthill": {
    "criteria": {
      "ex": "2024-10-27 04:07:53 +0000"
    },
    "done": true
  },
  "ancient_elements:cosmic_discoverer": {
    "criteria": {
      "cosmic_discoverer": "2024-10-27 04:09:43 +0000"
    },
    "done": true
  },
  "lootr:50loot": {
    "criteria": {
      "loot_stat": "2024-10-27 04:19:29 +0000"
    },
    "done": true
  },
  "minecraft:story/smelt_iron": {
    "criteria": {
      "iron": "2024-10-27 04:20:15 +0000"
    },
    "done": true
  },
  "minecraft:story/obtain_armor": {
    "criteria": {
      "iron_boots": "2024-10-27 04:20:33 +0000"
    },
    "done": true
  },
  "minecraft:story/form_obsidian": {
    "criteria": {
      "obsidian": "2024-10-27 04:20:57 +0000"
    },
    "done": true
  },
  "minecraft:adventure/kill_all_mobs": {
    "criteria": {
      "minecraft:skeleton": "2024-10-29 01:55:26 +0000",
      "minecraft:magma_cube": "2024-10-29 01:55:30 +0000",
      "minecraft:spider": "2024-10-29 02:22:47 +0000",
      "minecraft:husk": "2024-10-29 02:41:59 +0000",
      "minecraft:zombie": "2024-10-27 04:30:11 +0000"
    },
    "done": false
  },
  "minecraft:adventure/kill_a_mob": {
    "criteria": {
      "minecraft:zombie": "2024-10-27 04:30:11 +0000"
    },
    "done": true
  },
  "repurposed_structures:ancient_cities": {
    "criteria": {
      "in_ancient_city_ocean": "2024-10-27 04:36:50 +0000"
    },
    "done": false
  },
  "alexsmobs:alexsmobs/grizzly_bear": {
    "criteria": {
      "killed_by": "2024-10-27 04:53:44 +0000"
    },
    "done": true
  },
  "cavernous:find_all_biomes": {
    "criteria": {
      "caves": "2024-10-27 05:07:16 +0000"
    },
    "done": false
  },
  "cavernous:breaking_ground": {
    "criteria": {
      "spelunk": "2024-10-27 05:07:16 +0000"
    },
    "done": true
  },
  "biomemakeover:biomemakeover/root": {
    "criteria": {
      "enter_dark_forest": "2024-10-27 05:09:30 +0000"
    },
    "done": true
  },
  "biomemakeover:biomemakeover/enter_dark_forest": {
    "criteria": {
      "enter_dark_forest": "2024-10-27 05:09:30 +0000"
    },
    "done": true
  },
  "dungeons_arise:find_bathhouse": {
    "criteria": {
      "location0": "2024-10-27 05:10:49 +0000"
    },
    "done": true
  },
  "dungeons_arise:find_small_blimp": {
    "criteria": {
      "location0": "2024-10-29 01:51:19 +0000"
    },
    "done": true
  },
  "minecraft:story/mine_diamond": {
    "criteria": {
      "diamond": "2024-10-29 02:02:45 +0000"
    },
    "done": true
  },
  "minecraft:husbandry/tame_an_animal": {
    "criteria": {
      "tamed_animal": "2024-10-29 02:08:12 +0000"
    },
    "done": true
  },
  "minecraft:story/iron_tools": {
    "criteria": {
      "iron_pickaxe": "2024-10-29 02:40:37 +0000"
    },
    "done": true
  },
  "repurposed_structures:ruins": {
    "criteria": {
      "in_ruins_land_warm": "2024-10-29 03:08:22 +0000"
    },
    "done": false
  },
  "dungeons_arise:find_thornborn_towers": {
    "criteria": {
      "location0": "2024-10-29 03:36:50 +0000"
    },
    "done": true
  },
  "minecraft:story/deflect_arrow": {
    "criteria": {
      "deflected_projectile": "2024-10-29 03:42:10 +0000"
    },
    "done": true
  },
  "lootr:100loot": {
    "criteria": {
      "loot_stat": "2024-10-29 03:48:06 +0000"
    },
    "done": true
  },
  "ancient_elements:can_someone_ventilate": {
    "criteria": {
      "can_someone_ventilate": "2024-10-29 03:53:21 +0000"
    },
    "done": true
  },
  "DataVersion": 3465
}