{
  "takesapillage:root": {
    "criteria": {
      "always": "2024-10-27 03:40:14 +0000"
    },
    "done": true
  },
  "morevillagers:root": {
    "criteria": {
      "always": "2024-10-27 03:40:14 +0000"
    },
    "done": true
  },
  "ancient_elements:ancient_elements": {
    "criteria": {
      "ancient_elements": "2024-10-27 03:40:14 +0000"
    },
    "done": true
  },
  "explorerscompass:explorers_compass_cracked_stone_bricks": {
    "criteria": {
      "has_recipe": "2024-10-27 03:40:14 +0000"
    },
    "done": true
  },
  "dungeons_arise:wda_root": {
    "criteria": {
      "WDA": "2024-10-27 03:40:14 +0000"
    },
    "done": true
  },
  "the_bumblezone:root": {
    "criteria": {
      "instant_granted": "2024-10-27 03:40:14 +0000"
    },
    "done": true
  },
  "the_bumblezone:wiki": {
    "criteria": {
      "instant_granted": "2024-10-27 03:40:14 +0000"
    },
    "done": true
  },
  "repurposed_structures:root": {
    "criteria": {
      "always": "2024-10-27 03:40:14 +0000"
    },
    "done": true
  },
  "lootr:root": {
    "criteria": {
      "always_true": "2024-10-27 03:40:14 +0000"
    },
    "done": true
  },
  "explorerscompass:explorers_compass_cobweb": {
    "criteria": {
      "has_recipe": "2024-10-27 03:40:14 +0000"
    },
    "done": true
  },
  "incendium:technical/new_player": {
    "criteria": {
      "requirement": "2024-10-27 03:40:14 +0000"
    },
    "done": true
  },
  "explorerscompass:explorers_compass": {
    "criteria": {
      "has_recipe": "2024-10-27 03:40:14 +0000"
    },
    "done": true
  },
  "incendium:technical/scroll_of_returning": {
    "criteria": {
      "log_spam_fixer": "2024-10-27 03:40:15 +0000"
    },
    "done": false
  },
  "incendium:technical/sentrys_wrath": {
    "criteria": {
      "log_spam_fixer": "2024-10-27 03:40:15 +0000"
    },
    "done": false
  },
  "incendium:technical/inventory/sentrys_wrath": {
    "criteria": {
      "log_spam_fixer": "2024-10-27 03:40:15 +0000"
    },
    "done": false
  },
  "incendium:technical/multiplex_crossbow": {
    "criteria": {
      "log_spam_fixer": "2024-10-27 03:40:15 +0000"
    },
    "done": false
  },
  "incendium:technical/using/ragnarok": {
    "criteria": {
      "log_spam_fixer": "2024-10-27 03:40:15 +0000"
    },
    "done": false
  },
  "incendium:technical/feed_ghastling": {
    "criteria": {
      "log_spam_fixer": "2024-10-27 03:40:15 +0000"
    },
    "done": false
  },
  "incendium:technical/on_inventory_change": {
    "criteria": {
      "log_spam_fixer": "2024-10-27 03:40:15 +0000"
    },
    "done": false
  },
  "incendium:technical/on_player_hurt": {
    "criteria": {
      "requirement": "2024-10-27 03:41:24 +0000",
      "log_spam_fixer": "2024-10-27 03:40:15 +0000"
    },
    "done": true
  },
  "incendium:technical/using/trailblazer": {
    "criteria": {
      "log_spam_fixer": "2024-10-27 03:40:15 +0000"
    },
    "done": false
  },
  "incendium:technical/firestorm": {
    "criteria": {
      "log_spam_fixer": "2024-10-27 03:40:15 +0000"
    },
    "done": false
  },
  "minecraft:adventure/adventuring_time": {
    "criteria": {
      "minecraft:deep_ocean": "2024-10-27 04:33:51 +0000",
      "minecraft:eroded_badlands": "2024-10-29 03:06:58 +0000",
      "minecraft:cherry_grove": "2024-10-29 02:44:49 +0000",
      "minecraft:birch_forest": "2024-10-27 05:04:09 +0000",
      "minecraft:bamboo_jungle": "2024-10-29 03:31:48 +0000",
      "minecraft:badlands": "2024-10-29 03:01:37 +0000",
      "minecraft:beach": "2024-10-27 03:41:44 +0000",
      "minecraft:dark_forest": "2024-10-27 05:04:19 +0000",
      "minecraft:sparse_jungle": "2024-10-27 04:21:34 +0000",
      "minecraft:lukewarm_ocean": "2024-10-27 04:04:39 +0000",
      "minecraft:river": "2024-10-27 03:41:40 +0000",
      "minecraft:stony_shore": "2024-10-27 04:39:46 +0000",
      "minecraft:cold_ocean": "2024-10-27 04:39:32 +0000",
      "minecraft:forest": "2024-10-27 03:40:15 +0000",
      "minecraft:deep_cold_ocean": "2024-10-27 04:39:11 +0000",
      "minecraft:desert": "2024-10-27 04:03:55 +0000",
      "minecraft:jungle": "2024-10-27 04:08:04 +0000",
      "minecraft:ocean": "2024-10-27 04:33:24 +0000",
      "minecraft:warm_ocean": "2024-10-27 04:04:36 +0000",
      "minecraft:deep_lukewarm_ocean": "2024-10-27 04:05:06 +0000",
      "minecraft:old_growth_birch_forest": "2024-10-29 02:38:37 +0000",
      "minecraft:meadow": "2024-10-27 19:45:19 +0000",
      "minecraft:savanna": "2024-10-27 04:13:07 +0000",
      "minecraft:plains": "2024-10-27 04:09:16 +0000"
    },
    "done": false
  },
  "incendium:technical/holy_wrath": {
    "criteria": {
      "log_spam_fixer": "2024-10-27 03:40:15 +0000"
    },
    "done": false
  },
  "incendium:technical/on_block": {
    "criteria": {
      "log_spam_fixer": "2024-10-27 03:40:15 +0000"
    },
    "done": false
  },
  "incendium:technical/using/shield": {
    "criteria": {
      "requirement": "2024-10-27 05:11:02 +0000",
      "log_spam_fixer": "2024-10-27 03:40:15 +0000"
    },
    "done": true
  },
  "incendium:technical/inventory/firestorm": {
    "criteria": {
      "log_spam_fixer": "2024-10-27 03:40:15 +0000"
    },
    "done": false
  },
  "incendium:technical/give_ghastling": {
    "criteria": {
      "log_spam_fixer": "2024-10-27 03:40:15 +0000"
    },
    "done": false
  },
  "incendium:technical/on_kill": {
    "criteria": {
      "log_spam_fixer": "2024-10-27 03:40:15 +0000"
    },
    "done": false
  },
  "dungeons_arise:find_lighthouse": {
    "criteria": {
      "location0": "2024-10-27 03:42:28 +0000"
    },
    "done": true
  },
  "lootr:1chest": {
    "criteria": {
      "opened_chest": "2024-10-27 03:42:54 +0000"
    },
    "done": true
  },
  "lootr:social": {
    "criteria": {
      "opened_barrel": "2024-10-27 03:44:27 +0000",
      "opened_chest": "2024-10-27 03:42:54 +0000"
    },
    "done": false
  },
  "minecraft:story/obtain_armor": {
    "criteria": {
      "iron_chestplate": "2024-10-27 03:42:56 +0000"
    },
    "done": true
  },
  "dungeons_arise:find_mechanical_nest": {
    "criteria": {
      "location0": "2024-10-27 03:43:18 +0000"
    },
    "done": true
  },
  "lootr:1barrel": {
    "criteria": {
      "opened_barrel": "2024-10-27 03:44:27 +0000"
    },
    "done": true
  },
  "cavernous:spelunkage": {
    "criteria": {
      "diamond": "2024-10-27 03:44:37 +0000",
      "cobblestone": "2024-10-27 19:38:34 +0000",
      "granite": "2024-10-27 04:48:15 +0000",
      "tuff": "2024-10-27 03:44:39 +0000",
      "cobbled_deepslate": "2024-10-27 04:21:59 +0000",
      "lapis": "2024-10-27 05:11:09 +0000"
    },
    "done": false
  },
  "minecraft:story/mine_diamond": {
    "criteria": {
      "diamond": "2024-10-27 03:44:37 +0000"
    },
    "done": true
  },
  "minecraft:story/smelt_iron": {
    "criteria": {
      "iron": "2024-10-27 03:44:39 +0000"
    },
    "done": true
  },
  "minecraft:husbandry/balanced_diet": {
    "criteria": {
      "baked_potato": "2024-10-27 19:51:49 +0000",
      "apple": "2024-10-27 04:59:12 +0000",
      "bread": "2024-10-27 04:11:07 +0000",
      "golden_apple": "2024-10-27 20:40:29 +0000",
      "golden_carrot": "2024-10-27 03:45:27 +0000"
    },
    "done": false
  },
  "minecraft:husbandry/root": {
    "criteria": {
      "consumed_item": "2024-10-27 03:45:27 +0000"
    },
    "done": true
  },
  "aquamirae:adventure/root": {
    "criteria": {
      "crafting_table": "2024-10-27 03:48:13 +0000"
    },
    "done": true
  },
  "minecraft:story/root": {
    "criteria": {
      "crafting_table": "2024-10-27 03:48:13 +0000"
    },
    "done": true
  },
  "minecraft:story/iron_tools": {
    "criteria": {
      "iron_pickaxe": "2024-10-27 03:50:38 +0000"
    },
    "done": true
  },
  "cavernous:root": {
    "criteria": {
      "makepickaxe": "2024-10-27 03:50:38 +0000"
    },
    "done": true
  },
  "minecraft:adventure/root": {
    "criteria": {
      "killed_something": "2024-10-27 03:52:34 +0000"
    },
    "done": true
  },
  "minecraft:adventure/kill_all_mobs": {
    "criteria": {
      "minecraft:pillager": "2024-10-27 05:13:27 +0000",
      "minecraft:skeleton": "2024-10-27 03:52:34 +0000",
      "minecraft:vindicator": "2024-10-27 05:09:38 +0000",
      "minecraft:magma_cube": "2024-10-27 21:52:19 +0000",
      "minecraft:spider": "2024-10-28 03:13:11 +0000",
      "minecraft:phantom": "2024-10-28 03:10:38 +0000",
      "minecraft:husk": "2024-10-27 21:02:24 +0000",
      "minecraft:cave_spider": "2024-10-27 19:36:22 +0000",
      "minecraft:zombie": "2024-10-27 04:28:47 +0000",
      "minecraft:drowned": "2024-10-29 04:43:24 +0000"
    },
    "done": false
  },
  "minecraft:adventure/kill_a_mob": {
    "criteria": {
      "minecraft:skeleton": "2024-10-27 03:52:34 +0000"
    },
    "done": true
  },
  "morevillagers:all_workstations_get": {
    "criteria": {
      "huntingpost": "2024-10-27 19:55:01 +0000",
      "gardeningtable": "2024-10-27 04:54:16 +0000",
      "smithingtable": "2024-10-27 03:53:33 +0000",
      "woodworkingtable": "2024-10-27 19:54:29 +0000"
    },
    "done": false
  },
  "morevillagers:first_workstation_get": {
    "criteria": {
      "smithingtable": "2024-10-27 03:53:33 +0000"
    },
    "done": true
  },
  "repurposed_structures:igloos": {
    "criteria": {
      "in_igloo_grassy": "2024-10-27 03:58:45 +0000"
    },
    "done": false
  },
  "minecraft:adventure/avoid_vibration": {
    "criteria": {
      "avoid_vibration": "2024-10-27 03:58:58 +0000"
    },
    "done": true
  },
  "alexsmobs:alexsmobs/seagull_steal": {
    "criteria": {
      "ex": "2024-10-27 04:02:20 +0000"
    },
    "done": true
  },
  "dungeons_arise:find_typhon": {
    "criteria": {
      "location0": "2024-10-27 04:05:12 +0000"
    },
    "done": true
  },
  "ancient_elements:cosmic_discoverer": {
    "criteria": {
      "cosmic_discoverer": "2024-10-27 04:13:08 +0000"
    },
    "done": true
  },
  "lootr:10loot": {
    "criteria": {
      "loot_stat": "2024-10-27 04:20:27 +0000"
    },
    "done": true
  },
  "the_bumblezone:teleportation/is_near_beehive": {
    "criteria": {
      "is_near_beehive": "2024-10-27 04:23:17 +0000"
    },
    "done": true
  },
  "dungeons_arise:find_illager_corsair_or_illager_galley": {
    "criteria": {
      "location0": "2024-10-27 04:34:25 +0000"
    },
    "done": true
  },
  "minecraft:story/mine_stone": {
    "criteria": {
      "get_stone": "2024-10-27 04:42:25 +0000"
    },
    "done": true
  },
  "cavernous:geology_rocks": {
    "criteria": {
      "": "2024-10-29 02:27:08 +0000",
      "cobblestone": "2024-10-27 04:42:25 +0000",
      "granite": "2024-10-29 03:40:33 +0000",
      "andesite": "2024-10-29 02:26:27 +0000"
    },
    "done": false
  },
  "lootr:25loot": {
    "criteria": {
      "loot_stat": "2024-10-27 04:55:06 +0000"
    },
    "done": true
  },
  "biomemakeover:biomemakeover/root": {
    "criteria": {
      "enter_dark_forest": "2024-10-27 05:04:19 +0000"
    },
    "done": true
  },
  "biomemakeover:biomemakeover/enter_dark_forest": {
    "criteria": {
      "enter_dark_forest": "2024-10-27 05:04:19 +0000"
    },
    "done": true
  },
  "biomemakeover:biomemakeover/mansion": {
    "criteria": {
      "ghost_town": "2024-10-27 05:05:50 +0000"
    },
    "done": true
  },
  "biomemakeover:biomemakeover/illunite_shard": {
    "criteria": {
      "get_stew": "2024-10-27 05:10:02 +0000"
    },
    "done": true
  },
  "minecraft:adventure/shoot_arrow": {
    "criteria": {
      "shot_arrow": "2024-10-27 05:11:31 +0000"
    },
    "done": true
  },
  "minecraft:story/deflect_arrow": {
    "criteria": {
      "deflected_projectile": "2024-10-27 05:15:42 +0000"
    },
    "done": true
  },
  "biomemakeover:biomemakeover/altar": {
    "criteria": {
      "get_stew": "2024-10-27 05:17:52 +0000"
    },
    "done": true
  },
  "biomemakeover:biomemakeover/crude_cladding": {
    "criteria": {
      "get_disc": "2024-10-27 05:22:32 +0000"
    },
    "done": true
  },
  "cavernous:find_all_biomes": {
    "criteria": {
      "caves": "2024-10-27 19:35:18 +0000",
      "arid_caves": "2024-10-29 02:51:36 +0000",
      "desert_caves": "2024-10-29 02:51:57 +0000"
    },
    "done": false
  },
  "cavernous:breaking_ground": {
    "criteria": {
      "spelunk": "2024-10-27 19:35:18 +0000"
    },
    "done": true
  },
  "repurposed_structures:mineshafts": {
    "criteria": {
      "in_mineshaft_dark_forest": "2024-10-27 19:35:23 +0000"
    },
    "done": false
  },
  "cavernous:delver": {
    "criteria": {
      "spelunk": "2024-10-27 19:42:32 +0000"
    },
    "done": true
  },
  "minecraft:adventure/sleep_in_bed": {
    "criteria": {
      "slept_in_bed": "2024-10-27 19:53:05 +0000"
    },
    "done": true
  },
  "lootr:50loot": {
    "criteria": {
      "loot_stat": "2024-10-27 19:56:06 +0000"
    },
    "done": true
  },
  "repurposed_structures:ancient_cities": {
    "criteria": {
      "in_ancient_city_ocean": "2024-10-27 20:11:21 +0000"
    },
    "done": false
  },
  "morevillagers:first_village": {
    "criteria": {
      "plains": "2024-10-27 20:26:12 +0000"
    },
    "done": true
  },
  "morevillagers:all_villages": {
    "criteria": {
      "plains": "2024-10-27 20:26:12 +0000"
    },
    "done": false
  },
  "dungeons_arise:find_heavenly_rider": {
    "criteria": {
      "location0": "2024-10-27 20:42:29 +0000"
    },
    "done": true
  },
  "minecraft:story/form_obsidian": {
    "criteria": {
      "obsidian": "2024-10-27 20:55:47 +0000"
    },
    "done": true
  },
  "minecraft:story/shiny_gear": {
    "criteria": {
      "diamond_chestplate": "2024-10-27 21:04:01 +0000"
    },
    "done": true
  },
  "dungeons_arise:find_bathhouse": {
    "criteria": {
      "location0": "2024-10-27 21:21:38 +0000"
    },
    "done": true
  },
  "dungeons_arise:find_small_blimp": {
    "criteria": {
      "location0": "2024-10-27 21:42:04 +0000"
    },
    "done": true
  },
  "cavernous:expansion/secrets/hints/skull": {
    "criteria": {
      "parent": "2024-10-27 21:53:01 +0000"
    },
    "done": true
  },
  "lootr:100loot": {
    "criteria": {
      "loot_stat": "2024-10-27 22:20:43 +0000"
    },
    "done": true
  },
  "morevillagers:kill_villager": {
    "criteria": {
      "killedvillager": "2024-10-27 22:41:37 +0000"
    },
    "done": true
  },
  "alexsmobs:alexsmobs/banana": {
    "criteria": {
      "banana": "2024-10-27 23:04:44 +0000"
    },
    "done": true
  },
  "artifacts:amateur_archaeologist": {
    "criteria": {
      "find_artifact": "2024-10-28 03:06:16 +0000"
    },
    "done": true
  },
  "deeperdarker:main/kill_all_sculk_mobs": {
    "criteria": {
      "phantom": "2024-10-28 03:10:38 +0000"
    },
    "done": false
  },
  "repurposed_structures:pyramids": {
    "criteria": {
      "in_pyramid_ocean": "2024-10-29 02:30:35 +0000"
    },
    "done": false
  },
  "minecraft:husbandry/tame_an_animal": {
    "criteria": {
      "tamed_animal": "2024-10-29 02:45:42 +0000"
    },
    "done": true
  },
  "dungeons_arise:find_coliseum": {
    "criteria": {
      "location0": "2024-10-29 02:48:16 +0000"
    },
    "done": true
  },
  "biomemakeover:biomemakeover/cladding_template": {
    "criteria": {
      "get_disc": "2024-10-29 02:55:50 +0000"
    },
    "done": true
  },
  "biomemakeover:biomemakeover/enter_badlands": {
    "criteria": {
      "enter_badlands1": "2024-10-29 03:01:37 +0000"
    },
    "done": true
  },
  "biomemakeover:biomemakeover/ghost_town": {
    "criteria": {
      "ghost_town": "2024-10-29 03:04:55 +0000"
    },
    "done": true
  },
  "alexsmobs:alexsmobs/tarantula_hawk": {
    "criteria": {
      "killed_by": "2024-10-29 03:25:21 +0000"
    },
    "done": true
  },
  "dungeons_arise:find_thornborn_towers": {
    "criteria": {
      "location0": "2024-10-29 03:38:12 +0000"
    },
    "done": true
  },
  "ancient_elements:can_someone_ventilate": {
    "criteria": {
      "can_someone_ventilate": "2024-10-29 04:07:16 +0000"
    },
    "done": true
  },
  "DataVersion": 3465
}