{
  "explorerscompass:explorers_compass_cracked_stone_bricks": {
    "criteria": {
      "has_recipe": "2024-10-13 03:54:17 +0000"
    },
    "done": true
  },
  "explorerscompass:explorers_compass_cobweb": {
    "criteria": {
      "has_recipe": "2024-10-13 03:54:17 +0000"
    },
    "done": true
  },
  "explorerscompass:explorers_compass": {
    "criteria": {
      "has_recipe": "2024-10-13 03:54:17 +0000"
    },
    "done": true
  },
  "takesapillage:root": {
    "criteria": {
      "always": "2024-10-13 03:54:18 +0000"
    },
    "done": true
  },
  "morevillagers:root": {
    "criteria": {
      "always": "2024-10-13 03:54:18 +0000"
    },
    "done": true
  },
  "ancient_elements:ancient_elements": {
    "criteria": {
      "ancient_elements": "2024-10-13 03:54:18 +0000"
    },
    "done": true
  },
  "dungeons_arise:wda_root": {
    "criteria": {
      "WDA": "2024-10-13 03:54:18 +0000"
    },
    "done": true
  },
  "the_bumblezone:root": {
    "criteria": {
      "instant_granted": "2024-10-13 03:54:18 +0000"
    },
    "done": true
  },
  "the_bumblezone:wiki": {
    "criteria": {
      "instant_granted": "2024-10-13 03:54:18 +0000"
    },
    "done": true
  },
  "repurposed_structures:root": {
    "criteria": {
      "always": "2024-10-13 03:54:18 +0000"
    },
    "done": true
  },
  "lootr:root": {
    "criteria": {
      "always_true": "2024-10-13 03:54:18 +0000"
    },
    "done": true
  },
  "incendium:technical/new_player": {
    "criteria": {
      "requirement": "2024-10-13 03:54:18 +0000"
    },
    "done": true
  },
  "incendium:technical/scroll_of_returning": {
    "criteria": {
      "log_spam_fixer": "2024-10-13 03:54:20 +0000"
    },
    "done": false
  },
  "incendium:technical/sentrys_wrath": {
    "criteria": {
      "log_spam_fixer": "2024-10-13 03:54:20 +0000"
    },
    "done": false
  },
  "incendium:technical/inventory/sentrys_wrath": {
    "criteria": {
      "log_spam_fixer": "2024-10-13 03:54:20 +0000"
    },
    "done": false
  },
  "incendium:technical/multiplex_crossbow": {
    "criteria": {
      "log_spam_fixer": "2024-10-13 03:54:20 +0000"
    },
    "done": false
  },
  "incendium:technical/using/ragnarok": {
    "criteria": {
      "log_spam_fixer": "2024-10-13 03:54:20 +0000"
    },
    "done": false
  },
  "incendium:technical/feed_ghastling": {
    "criteria": {
      "log_spam_fixer": "2024-10-13 03:54:20 +0000"
    },
    "done": false
  },
  "incendium:technical/on_inventory_change": {
    "criteria": {
      "log_spam_fixer": "2024-10-13 03:54:20 +0000"
    },
    "done": false
  },
  "incendium:technical/on_player_hurt": {
    "criteria": {
      "requirement": "2024-10-13 04:06:59 +0000",
      "log_spam_fixer": "2024-10-13 03:54:20 +0000"
    },
    "done": true
  },
  "repurposed_structures:igloos": {
    "criteria": {
      "in_igloo_grassy": "2024-10-13 03:54:20 +0000"
    },
    "done": false
  },
  "incendium:technical/using/trailblazer": {
    "criteria": {
      "log_spam_fixer": "2024-10-13 03:54:20 +0000"
    },
    "done": false
  },
  "incendium:technical/firestorm": {
    "criteria": {
      "log_spam_fixer": "2024-10-13 03:54:20 +0000"
    },
    "done": false
  },
  "minecraft:adventure/adventuring_time": {
    "criteria": {
      "minecraft:wooded_badlands": "2024-10-14 00:38:18 +0000",
      "minecraft:bamboo_jungle": "2024-10-14 01:44:30 +0000",
      "minecraft:badlands": "2024-10-13 17:09:49 +0000",
      "minecraft:beach": "2024-10-13 04:06:58 +0000",
      "minecraft:dark_forest": "2024-10-14 01:44:58 +0000",
      "minecraft:sparse_jungle": "2024-10-14 01:45:12 +0000",
      "minecraft:river": "2024-10-13 04:17:16 +0000",
      "minecraft:lukewarm_ocean": "2024-10-14 01:41:31 +0000",
      "minecraft:dripstone_caves": "2024-10-13 15:45:13 +0000",
      "minecraft:forest": "2024-10-13 03:54:20 +0000",
      "minecraft:desert": "2024-10-13 15:25:23 +0000",
      "minecraft:jungle": "2024-10-13 15:24:17 +0000",
      "minecraft:warm_ocean": "2024-10-14 01:41:19 +0000",
      "minecraft:old_growth_birch_forest": "2024-10-14 01:45:25 +0000",
      "minecraft:savanna": "2024-10-13 15:42:36 +0000",
      "minecraft:plains": "2024-10-13 04:17:18 +0000"
    },
    "done": false
  },
  "incendium:technical/holy_wrath": {
    "criteria": {
      "log_spam_fixer": "2024-10-13 03:54:20 +0000"
    },
    "done": false
  },
  "incendium:technical/on_block": {
    "criteria": {
      "log_spam_fixer": "2024-10-13 03:54:20 +0000"
    },
    "done": false
  },
  "incendium:technical/using/shield": {
    "criteria": {
      "requirement": "2024-10-13 04:11:25 +0000",
      "log_spam_fixer": "2024-10-13 03:54:20 +0000"
    },
    "done": true
  },
  "incendium:technical/inventory/firestorm": {
    "criteria": {
      "log_spam_fixer": "2024-10-13 03:54:20 +0000"
    },
    "done": false
  },
  "incendium:technical/give_ghastling": {
    "criteria": {
      "log_spam_fixer": "2024-10-13 03:54:20 +0000"
    },
    "done": false
  },
  "incendium:technical/on_kill": {
    "criteria": {
      "log_spam_fixer": "2024-10-13 03:54:20 +0000"
    },
    "done": false
  },
  "aquamirae:adventure/root": {
    "criteria": {
      "crafting_table": "2024-10-13 03:57:51 +0000"
    },
    "done": true
  },
  "minecraft:story/root": {
    "criteria": {
      "crafting_table": "2024-10-13 03:57:51 +0000"
    },
    "done": true
  },
  "cavernous:root": {
    "criteria": {
      "makepickaxe": "2024-10-13 04:04:59 +0000"
    },
    "done": true
  },
  "minecraft:story/mine_stone": {
    "criteria": {
      "get_stone": "2024-10-13 04:05:21 +0000"
    },
    "done": true
  },
  "cavernous:geology_rocks": {
    "criteria": {
      "cobblestone": "2024-10-13 04:05:21 +0000",
      "granite": "2024-10-13 15:47:24 +0000",
      "cobbled_deepslate": "2024-10-13 16:45:53 +0000"
    },
    "done": false
  },
  "minecraft:story/upgrade_tools": {
    "criteria": {
      "stone_pickaxe": "2024-10-13 04:05:51 +0000"
    },
    "done": true
  },
  "minecraft:adventure/root": {
    "criteria": {
      "killed_something": "2024-10-13 04:07:00 +0000"
    },
    "done": true
  },
  "dungeons_arise:find_lighthouse": {
    "criteria": {
      "location0": "2024-10-13 04:07:04 +0000"
    },
    "done": true
  },
  "minecraft:adventure/sleep_in_bed": {
    "criteria": {
      "slept_in_bed": "2024-10-13 04:07:38 +0000"
    },
    "done": true
  },
  "lootr:1chest": {
    "criteria": {
      "opened_chest": "2024-10-13 04:08:34 +0000"
    },
    "done": true
  },
  "lootr:social": {
    "criteria": {
      "opened_barrel": "2024-10-13 04:10:33 +0000",
      "opened_chest": "2024-10-13 04:08:34 +0000"
    },
    "done": false
  },
  "minecraft:story/smelt_iron": {
    "criteria": {
      "iron": "2024-10-13 04:08:38 +0000"
    },
    "done": true
  },
  "cavernous:spelunkage": {
    "criteria": {
      "": "2024-10-13 16:13:52 +0000",
      "diamond": "2024-10-13 04:10:34 +0000",
      "cobblestone": "2024-10-13 15:40:40 +0000",
      "granite": "2024-10-13 15:44:41 +0000",
      "tuff": "2024-10-13 04:09:33 +0000",
      "cobbled_deepslate": "2024-10-13 04:18:38 +0000"
    },
    "done": false
  },
  "dungeons_arise:find_mechanical_nest": {
    "criteria": {
      "location0": "2024-10-13 04:10:00 +0000"
    },
    "done": true
  },
  "lootr:1barrel": {
    "criteria": {
      "opened_barrel": "2024-10-13 04:10:33 +0000"
    },
    "done": true
  },
  "minecraft:story/mine_diamond": {
    "criteria": {
      "diamond": "2024-10-13 04:10:34 +0000"
    },
    "done": true
  },
  "minecraft:story/obtain_armor": {
    "criteria": {
      "iron_chestplate": "2024-10-13 04:10:51 +0000"
    },
    "done": true
  },
  "cavernous:expansion/secrets/hints/pipes": {
    "criteria": {
      "parent": "2024-10-13 04:11:28 +0000"
    },
    "done": true
  },
  "minecraft:husbandry/root": {
    "criteria": {
      "consumed_item": "2024-10-13 04:12:05 +0000"
    },
    "done": true
  },
  "lootr:10loot": {
    "criteria": {
      "loot_stat": "2024-10-13 04:18:39 +0000"
    },
    "done": true
  },
  "minecraft:adventure/kill_all_mobs": {
    "criteria": {
      "minecraft:skeleton": "2024-10-13 15:25:58 +0000",
      "minecraft:magma_cube": "2024-10-14 00:44:03 +0000",
      "minecraft:spider": "2024-10-13 15:27:36 +0000",
      "minecraft:creeper": "2024-10-13 15:25:53 +0000",
      "minecraft:witch": "2024-10-13 17:04:19 +0000",
      "minecraft:husk": "2024-10-13 15:26:29 +0000",
      "minecraft:enderman": "2024-10-13 15:36:30 +0000",
      "minecraft:zombie": "2024-10-13 15:33:37 +0000"
    },
    "done": false
  },
  "minecraft:adventure/kill_a_mob": {
    "criteria": {
      "minecraft:creeper": "2024-10-13 15:25:53 +0000"
    },
    "done": true
  },
  "minecraft:story/deflect_arrow": {
    "criteria": {
      "deflected_projectile": "2024-10-13 15:25:57 +0000"
    },
    "done": true
  },
  "minecraft:husbandry/balanced_diet": {
    "criteria": {
      "cooked_porkchop": "2024-10-13 15:27:50 +0000",
      "cooked_beef": "2024-10-13 16:59:19 +0000",
      "apple": "2024-10-13 15:30:08 +0000",
      "golden_apple": "2024-10-13 16:48:09 +0000",
      "bread": "2024-10-14 00:35:23 +0000",
      "golden_carrot": "2024-10-14 00:32:10 +0000"
    },
    "done": false
  },
  "the_bumblezone:teleportation/is_near_beehive": {
    "criteria": {
      "is_near_beehive": "2024-10-13 15:34:57 +0000"
    },
    "done": true
  },
  "cavernous:getting_to_the_point": {
    "criteria": {
      "minecraft:dripstone_caves": "2024-10-13 15:45:13 +0000"
    },
    "done": false
  },
  "cavernous:breaking_ground": {
    "criteria": {
      "spelunk": "2024-10-13 15:45:13 +0000"
    },
    "done": true
  },
  "repurposed_structures:mineshafts": {
    "criteria": {
      "in_mineshaft_savanna": "2024-10-13 15:49:22 +0000"
    },
    "done": false
  },
  "cavernous:delver": {
    "criteria": {
      "spelunk": "2024-10-13 16:15:10 +0000"
    },
    "done": true
  },
  "cavernous:expansion/secrets/hints/skull": {
    "criteria": {
      "parent": "2024-10-13 16:18:26 +0000"
    },
    "done": true
  },
  "cavernous:find_all_biomes": {
    "criteria": {
      "arid_caves": "2024-10-13 16:18:53 +0000",
      "caves": "2024-10-13 16:52:29 +0000",
      "desert_caves": "2024-10-14 01:48:29 +0000",
      "fungal_caves": "2024-10-14 01:46:19 +0000"
    },
    "done": false
  },
  "artifacts:amateur_archaeologist": {
    "criteria": {
      "find_artifact": "2024-10-13 16:47:37 +0000"
    },
    "done": true
  },
  "biomemakeover:biomemakeover/root": {
    "criteria": {
      "enter_badlands": "2024-10-13 17:09:49 +0000"
    },
    "done": true
  },
  "biomemakeover:biomemakeover/enter_badlands": {
    "criteria": {
      "enter_badlands1": "2024-10-13 17:09:49 +0000"
    },
    "done": true
  },
  "minecraft:story/form_obsidian": {
    "criteria": {
      "obsidian": "2024-10-14 00:33:23 +0000"
    },
    "done": true
  },
  "lootr:25loot": {
    "criteria": {
      "loot_stat": "2024-10-14 00:34:42 +0000"
    },
    "done": true
  },
  "biomemakeover:biomemakeover/ghost_town": {
    "criteria": {
      "ghost_town": "2024-10-14 00:37:32 +0000"
    },
    "done": true
  },
  "incendium:root": {
    "criteria": {
      "requirement": "2024-10-14 00:42:51 +0000"
    },
    "done": true
  },
  "minecraft:nether/root": {
    "criteria": {
      "entered_nether": "2024-10-14 00:42:51 +0000"
    },
    "done": true
  },
  "minecraft:story/enter_the_nether": {
    "criteria": {
      "entered_nether": "2024-10-14 00:42:51 +0000"
    },
    "done": true
  },
  "incendium:misc/root": {
    "criteria": {
      "incendium:weeping_valley": "2024-10-14 00:42:56 +0000"
    },
    "done": true
  },
  "incendium:misc/soul_searcher": {
    "criteria": {
      "incendium:weeping_valley": "2024-10-14 00:42:56 +0000"
    },
    "done": false
  },
  "minecraft:nether/explore_nether": {
    "criteria": {
      "minecraft:soul_sand_valley": "2024-10-14 00:44:29 +0000"
    },
    "done": false
  },
  "minecraft:adventure/avoid_vibration": {
    "criteria": {
      "avoid_vibration": "2024-10-14 01:18:01 +0000"
    },
    "done": true
  },
  "biomemakeover:biomemakeover/enter_dark_forest": {
    "criteria": {
      "enter_dark_forest": "2024-10-14 01:44:58 +0000"
    },
    "done": true
  },
  "lootr:50loot": {
    "criteria": {
      "loot_stat": "2024-10-14 01:46:03 +0000"
    },
    "done": true
  },
  "cavernous:expansion/secrets/story": {
    "criteria": {
      "parent": "2024-10-14 01:48:00 +0000"
    },
    "done": true
  },
  "cavernous:expansion/secrets/hint": {
    "criteria": {
      "parent": "2024-10-14 01:48:00 +0000"
    },
    "done": true
  },
  "cavernous:expansion/secrets/root": {
    "criteria": {
      "cavernous:the_undergrowth": "2024-10-14 01:48:00 +0000"
    },
    "done": true
  },
  "DataVersion": 3465
}