{
  "takesapillage:root": {
    "criteria": {
      "always": "2024-10-27 03:28:16 +0000"
    },
    "done": true
  },
  "morevillagers:root": {
    "criteria": {
      "always": "2024-10-27 03:28:16 +0000"
    },
    "done": true
  },
  "ancient_elements:ancient_elements": {
    "criteria": {
      "ancient_elements": "2024-10-27 03:28:16 +0000"
    },
    "done": true
  },
  "explorerscompass:explorers_compass_cracked_stone_bricks": {
    "criteria": {
      "has_recipe": "2024-10-27 03:28:16 +0000"
    },
    "done": true
  },
  "dungeons_arise:wda_root": {
    "criteria": {
      "WDA": "2024-10-27 03:28:16 +0000"
    },
    "done": true
  },
  "the_bumblezone:root": {
    "criteria": {
      "instant_granted": "2024-10-27 03:28:16 +0000"
    },
    "done": true
  },
  "the_bumblezone:wiki": {
    "criteria": {
      "instant_granted": "2024-10-27 03:28:16 +0000"
    },
    "done": true
  },
  "repurposed_structures:root": {
    "criteria": {
      "always": "2024-10-27 03:28:16 +0000"
    },
    "done": true
  },
  "lootr:root": {
    "criteria": {
      "always_true": "2024-10-27 03:28:16 +0000"
    },
    "done": true
  },
  "explorerscompass:explorers_compass_cobweb": {
    "criteria": {
      "has_recipe": "2024-10-27 03:28:16 +0000"
    },
    "done": true
  },
  "incendium:technical/new_player": {
    "criteria": {
      "requirement": "2024-10-27 03:28:16 +0000"
    },
    "done": true
  },
  "explorerscompass:explorers_compass": {
    "criteria": {
      "has_recipe": "2024-10-27 03:28:16 +0000"
    },
    "done": true
  },
  "incendium:technical/scroll_of_returning": {
    "criteria": {
      "log_spam_fixer": "2024-10-27 03:28:17 +0000"
    },
    "done": false
  },
  "incendium:technical/sentrys_wrath": {
    "criteria": {
      "log_spam_fixer": "2024-10-27 03:28:17 +0000"
    },
    "done": false
  },
  "incendium:technical/inventory/sentrys_wrath": {
    "criteria": {
      "log_spam_fixer": "2024-10-27 03:28:17 +0000"
    },
    "done": false
  },
  "incendium:technical/multiplex_crossbow": {
    "criteria": {
      "log_spam_fixer": "2024-10-27 03:28:17 +0000"
    },
    "done": false
  },
  "incendium:technical/using/ragnarok": {
    "criteria": {
      "log_spam_fixer": "2024-10-27 03:28:17 +0000"
    },
    "done": false
  },
  "incendium:technical/feed_ghastling": {
    "criteria": {
      "log_spam_fixer": "2024-10-27 03:28:17 +0000"
    },
    "done": false
  },
  "incendium:technical/on_inventory_change": {
    "criteria": {
      "log_spam_fixer": "2024-10-27 03:28:17 +0000"
    },
    "done": false
  },
  "incendium:technical/on_player_hurt": {
    "criteria": {
      "requirement": "2024-10-27 03:28:47 +0000",
      "log_spam_fixer": "2024-10-27 03:28:17 +0000"
    },
    "done": true
  },
  "incendium:technical/using/trailblazer": {
    "criteria": {
      "log_spam_fixer": "2024-10-27 03:28:17 +0000"
    },
    "done": false
  },
  "incendium:technical/firestorm": {
    "criteria": {
      "log_spam_fixer": "2024-10-27 03:28:17 +0000"
    },
    "done": false
  },
  "minecraft:adventure/adventuring_time": {
    "criteria": {
      "minecraft:mushroom_fields": "2024-10-28 03:23:43 +0000",
      "minecraft:taiga": "2024-10-28 04:12:15 +0000",
      "minecraft:deep_ocean": "2024-10-27 04:40:17 +0000",
      "minecraft:frozen_river": "2024-10-29 04:10:28 +0000",
      "minecraft:cherry_grove": "2024-10-27 21:45:41 +0000",
      "minecraft:birch_forest": "2024-10-27 05:28:03 +0000",
      "minecraft:beach": "2024-10-27 03:29:43 +0000",
      "minecraft:dark_forest": "2024-10-27 20:43:17 +0000",
      "minecraft:sparse_jungle": "2024-10-27 22:07:30 +0000",
      "minecraft:river": "2024-10-27 03:29:40 +0000",
      "minecraft:lukewarm_ocean": "2024-10-27 22:09:32 +0000",
      "minecraft:snowy_plains": "2024-10-29 04:11:19 +0000",
      "minecraft:dripstone_caves": "2024-10-28 03:08:21 +0000",
      "minecraft:snowy_taiga": "2024-10-29 01:58:43 +0000",
      "minecraft:cold_ocean": "2024-10-28 03:48:12 +0000",
      "minecraft:forest": "2024-10-27 03:28:17 +0000",
      "minecraft:deep_cold_ocean": "2024-10-28 03:48:58 +0000",
      "minecraft:ice_spikes": "2024-10-29 04:39:30 +0000",
      "minecraft:frozen_ocean": "2024-10-29 04:19:06 +0000",
      "minecraft:deep_frozen_ocean": "2024-10-29 04:40:24 +0000",
      "minecraft:jungle": "2024-10-27 03:38:43 +0000",
      "minecraft:ocean": "2024-10-27 04:39:49 +0000",
      "minecraft:snowy_beach": "2024-10-29 04:17:55 +0000",
      "minecraft:old_growth_birch_forest": "2024-10-27 22:18:09 +0000",
      "minecraft:meadow": "2024-10-27 20:36:39 +0000",
      "minecraft:savanna": "2024-10-27 05:15:40 +0000",
      "minecraft:plains": "2024-10-27 20:36:22 +0000"
    },
    "done": false
  },
  "incendium:technical/holy_wrath": {
    "criteria": {
      "log_spam_fixer": "2024-10-27 03:28:17 +0000"
    },
    "done": false
  },
  "incendium:technical/on_block": {
    "criteria": {
      "log_spam_fixer": "2024-10-27 03:28:17 +0000"
    },
    "done": false
  },
  "incendium:technical/using/shield": {
    "criteria": {
      "requirement": "2024-10-27 04:53:40 +0000",
      "log_spam_fixer": "2024-10-27 03:28:17 +0000"
    },
    "done": true
  },
  "incendium:technical/inventory/firestorm": {
    "criteria": {
      "log_spam_fixer": "2024-10-27 03:28:17 +0000"
    },
    "done": false
  },
  "incendium:technical/give_ghastling": {
    "criteria": {
      "log_spam_fixer": "2024-10-27 03:28:17 +0000"
    },
    "done": false
  },
  "incendium:technical/on_kill": {
    "criteria": {
      "log_spam_fixer": "2024-10-27 03:28:17 +0000"
    },
    "done": false
  },
  "repurposed_structures:igloos": {
    "criteria": {
      "in_igloo_grassy": "2024-10-27 03:29:01 +0000"
    },
    "done": false
  },
  "aquamirae:adventure/root": {
    "criteria": {
      "crafting_table": "2024-10-27 03:29:11 +0000"
    },
    "done": true
  },
  "minecraft:story/root": {
    "criteria": {
      "crafting_table": "2024-10-27 03:29:11 +0000"
    },
    "done": true
  },
  "cavernous:root": {
    "criteria": {
      "makepickaxe": "2024-10-27 03:29:58 +0000"
    },
    "done": true
  },
  "dungeons_arise:find_lighthouse": {
    "criteria": {
      "location0": "2024-10-27 03:30:05 +0000"
    },
    "done": true
  },
  "minecraft:story/mine_stone": {
    "criteria": {
      "get_stone": "2024-10-27 03:30:15 +0000"
    },
    "done": true
  },
  "cavernous:geology_rocks": {
    "criteria": {
      "": "2024-10-29 02:50:22 +0000",
      "cobblestone": "2024-10-27 03:30:15 +0000",
      "granite": "2024-10-27 21:34:40 +0000",
      "tuff": "2024-10-27 21:42:44 +0000",
      "cobbled_deepslate": "2024-10-27 21:41:23 +0000",
      "andesite": "2024-10-27 21:28:22 +0000"
    },
    "done": true
  },
  "minecraft:story/upgrade_tools": {
    "criteria": {
      "stone_pickaxe": "2024-10-27 03:31:18 +0000"
    },
    "done": true
  },
  "minecraft:adventure/root": {
    "criteria": {
      "killed_something": "2024-10-27 03:33:55 +0000"
    },
    "done": true
  },
  "lootr:1chest": {
    "criteria": {
      "opened_chest": "2024-10-27 03:35:11 +0000"
    },
    "done": true
  },
  "lootr:social": {
    "criteria": {
      "opened_barrel": "2024-10-27 03:43:46 +0000",
      "opened_chest": "2024-10-27 03:35:11 +0000"
    },
    "done": false
  },
  "minecraft:story/smelt_iron": {
    "criteria": {
      "iron": "2024-10-27 03:35:14 +0000"
    },
    "done": true
  },
  "dungeons_arise:find_mechanical_nest": {
    "criteria": {
      "location0": "2024-10-27 03:35:34 +0000"
    },
    "done": true
  },
  "minecraft:husbandry/root": {
    "criteria": {
      "consumed_item": "2024-10-27 03:36:27 +0000"
    },
    "done": true
  },
  "lootr:1barrel": {
    "criteria": {
      "opened_barrel": "2024-10-27 03:43:46 +0000"
    },
    "done": true
  },
  "minecraft:story/obtain_armor": {
    "criteria": {
      "iron_chestplate": "2024-10-27 03:44:50 +0000"
    },
    "done": true
  },
  "minecraft:husbandry/balanced_diet": {
    "criteria": {
      "cooked_mutton": "2024-10-27 22:24:09 +0000",
      "cooked_beef": "2024-10-27 22:03:31 +0000",
      "potato": "2024-10-29 05:02:47 +0000",
      "mutton": "2024-10-27 04:57:09 +0000",
      "bread": "2024-10-27 04:55:33 +0000",
      "golden_apple": "2024-10-27 05:05:44 +0000",
      "cookie": "2024-10-29 04:13:34 +0000",
      "melon_slice": "2024-10-27 23:15:27 +0000",
      "golden_carrot": "2024-10-27 03:45:04 +0000",
      "mushroom_stew": "2024-10-29 02:50:09 +0000",
      "cod": "2024-10-27 22:21:45 +0000",
      "cooked_salmon": "2024-10-27 04:49:21 +0000"
    },
    "done": false
  },
  "cavernous:spelunkage": {
    "criteria": {
      "": "2024-10-27 04:36:22 +0000",
      "diamond": "2024-10-27 03:53:17 +0000",
      "cobblestone": "2024-10-27 05:03:37 +0000",
      "granite": "2024-10-27 05:19:37 +0000",
      "tuff": "2024-10-27 21:41:25 +0000",
      "cobbled_deepslate": "2024-10-27 04:48:50 +0000",
      "lapis": "2024-10-27 23:31:27 +0000"
    },
    "done": false
  },
  "minecraft:story/mine_diamond": {
    "criteria": {
      "diamond": "2024-10-27 03:53:17 +0000"
    },
    "done": true
  },
  "minecraft:adventure/kill_all_mobs": {
    "criteria": {
      "minecraft:pillager": "2024-10-27 04:55:15 +0000",
      "minecraft:skeleton": "2024-10-27 03:54:04 +0000",
      "minecraft:vindicator": "2024-10-27 04:51:34 +0000",
      "minecraft:magma_cube": "2024-10-29 02:23:50 +0000",
      "minecraft:spider": "2024-10-27 21:14:35 +0000",
      "minecraft:husk": "2024-10-29 03:09:51 +0000",
      "minecraft:cave_spider": "2024-10-29 03:47:41 +0000",
      "minecraft:silverfish": "2024-10-27 22:32:15 +0000",
      "minecraft:vex": "2024-10-28 03:12:51 +0000",
      "minecraft:zombie": "2024-10-27 04:00:59 +0000",
      "minecraft:drowned": "2024-10-27 04:42:00 +0000"
    },
    "done": false
  },
  "minecraft:adventure/kill_a_mob": {
    "criteria": {
      "minecraft:skeleton": "2024-10-27 03:54:04 +0000"
    },
    "done": true
  },
  "minecraft:adventure/avoid_vibration": {
    "criteria": {
      "avoid_vibration": "2024-10-27 04:02:00 +0000"
    },
    "done": true
  },
  "minecraft:story/shiny_gear": {
    "criteria": {
      "diamond_chestplate": "2024-10-27 04:21:08 +0000"
    },
    "done": true
  },
  "cavernous:expansion/secrets/hints/pipes": {
    "criteria": {
      "parent": "2024-10-27 04:29:14 +0000"
    },
    "done": true
  },
  "lootr:10loot": {
    "criteria": {
      "loot_stat": "2024-10-27 04:36:07 +0000"
    },
    "done": true
  },
  "ancient_elements:aetherium_advanchement": {
    "criteria": {
      "aetherium_advanchement": "2024-10-27 04:36:13 +0000"
    },
    "done": true
  },
  "the_bumblezone:teleportation/is_near_beehive": {
    "criteria": {
      "is_near_beehive": "2024-10-27 04:38:11 +0000"
    },
    "done": true
  },
  "dungeons_arise:find_illager_corsair_or_illager_galley": {
    "criteria": {
      "location0": "2024-10-27 04:43:15 +0000"
    },
    "done": true
  },
  "morevillagers:all_workstations_get": {
    "criteria": {
      "barrel": "2024-10-27 04:46:28 +0000",
      "gardeningtable": "2024-10-28 02:56:48 +0000",
      "stonecutter": "2024-10-28 04:12:53 +0000"
    },
    "done": false
  },
  "morevillagers:first_workstation_get": {
    "criteria": {
      "barrel": "2024-10-27 04:46:28 +0000"
    },
    "done": true
  },
  "minecraft:story/deflect_arrow": {
    "criteria": {
      "deflected_projectile": "2024-10-27 05:03:49 +0000"
    },
    "done": true
  },
  "lootr:25loot": {
    "criteria": {
      "loot_stat": "2024-10-27 05:14:15 +0000"
    },
    "done": true
  },
  "biomemakeover:biomemakeover/mansion": {
    "criteria": {
      "ghost_town": "2024-10-27 05:28:03 +0000"
    },
    "done": true
  },
  "cavernous:find_all_biomes": {
    "criteria": {
      "caves": "2024-10-27 20:38:52 +0000",
      "fungal_caves": "2024-10-27 21:02:34 +0000",
      "lush_dripstone_caves": "2024-10-29 03:42:38 +0000",
      "icy_caves": "2024-10-29 04:16:46 +0000",
      "glowshroom_caves": "2024-10-28 03:23:58 +0000"
    },
    "done": false
  },
  "cavernous:breaking_ground": {
    "criteria": {
      "spelunk": "2024-10-27 20:38:52 +0000"
    },
    "done": true
  },
  "biomemakeover:biomemakeover/root": {
    "criteria": {
      "enter_dark_forest": "2024-10-27 20:43:17 +0000"
    },
    "done": true
  },
  "biomemakeover:biomemakeover/enter_dark_forest": {
    "criteria": {
      "enter_dark_forest": "2024-10-27 20:43:17 +0000"
    },
    "done": true
  },
  "ancient_elements:fluffy": {
    "criteria": {
      "fluffy": "2024-10-27 20:43:20 +0000"
    },
    "done": true
  },
  "repurposed_structures:pyramids": {
    "criteria": {
      "in_pyramid_ocean": "2024-10-27 20:51:02 +0000"
    },
    "done": false
  },
  "artifacts:amateur_archaeologist": {
    "criteria": {
      "find_artifact": "2024-10-27 21:01:03 +0000"
    },
    "done": true
  },
  "alexsmobs:alexsmobs/skelewag": {
    "criteria": {
      "killed_by": "2024-10-27 21:18:33 +0000"
    },
    "done": true
  },
  "cavernous:delver": {
    "criteria": {
      "spelunk": "2024-10-27 21:41:24 +0000"
    },
    "done": true
  },
  "dungeons_arise:find_undead_pirate_ship": {
    "criteria": {
      "location0": "2024-10-27 22:11:18 +0000"
    },
    "done": true
  },
  "cavernous:expansion/secrets/hints/skull": {
    "criteria": {
      "parent": "2024-10-27 22:40:29 +0000"
    },
    "done": true
  },
  "lootr:50loot": {
    "criteria": {
      "loot_stat": "2024-10-27 22:49:36 +0000"
    },
    "done": true
  },
  "repurposed_structures:ancient_cities": {
    "criteria": {
      "in_ancient_city_ocean": "2024-10-27 23:27:10 +0000"
    },
    "done": false
  },
  "alexsmobs:alexsmobs/seagull_steal": {
    "criteria": {
      "ex": "2024-10-27 23:30:28 +0000"
    },
    "done": true
  },
  "minecraft:husbandry/plant_seed": {
    "criteria": {
      "wheat": "2024-10-28 02:56:05 +0000"
    },
    "done": true
  },
  "minecraft:adventure/sleep_in_bed": {
    "criteria": {
      "slept_in_bed": "2024-10-28 02:56:16 +0000"
    },
    "done": true
  },
  "lootr:100loot": {
    "criteria": {
      "loot_stat": "2024-10-28 02:57:14 +0000"
    },
    "done": true
  },
  "cavernous:getting_to_the_point": {
    "criteria": {
      "minecraft:dripstone_caves": "2024-10-28 03:08:21 +0000",
      "cavernous:dripstone/lush_dripstone_caves": "2024-10-29 03:42:38 +0000"
    },
    "done": true
  },
  "biomemakeover:biomemakeover/enter_mushroom_fields": {
    "criteria": {
      "enter_mushroom_fields": "2024-10-28 03:23:43 +0000"
    },
    "done": true
  },
  "minecraft:story/form_obsidian": {
    "criteria": {
      "obsidian": "2024-10-28 03:29:12 +0000"
    },
    "done": true
  },
  "repurposed_structures:temples": {
    "criteria": {
      "in_temple_ocean": "2024-10-28 03:33:10 +0000"
    },
    "done": false
  },
  "incendium:root": {
    "criteria": {
      "requirement": "2024-10-28 04:07:58 +0000"
    },
    "done": true
  },
  "minecraft:nether/root": {
    "criteria": {
      "entered_nether": "2024-10-28 04:07:58 +0000"
    },
    "done": true
  },
  "minecraft:story/enter_the_nether": {
    "criteria": {
      "entered_nether": "2024-10-28 04:07:58 +0000"
    },
    "done": true
  },
  "incendium:misc/root": {
    "criteria": {
      "incendium:weeping_valley": "2024-10-28 04:08:03 +0000"
    },
    "done": true
  },
  "incendium:misc/soul_searcher": {
    "criteria": {
      "incendium:weeping_valley": "2024-10-28 04:08:03 +0000"
    },
    "done": false
  },
  "minecraft:story/iron_tools": {
    "criteria": {
      "iron_pickaxe": "2024-10-28 04:13:59 +0000"
    },
    "done": true
  },
  "dungeons_arise:find_small_blimp": {
    "criteria": {
      "location0": "2024-10-29 01:52:12 +0000"
    },
    "done": true
  },
  "minecraft:husbandry/tame_an_animal": {
    "criteria": {
      "tamed_animal": "2024-10-29 02:32:11 +0000"
    },
    "done": true
  },
  "dungeons_arise:find_bathhouse": {
    "criteria": {
      "location0": "2024-10-29 02:39:02 +0000"
    },
    "done": true
  },
  "repurposed_structures:ruins": {
    "criteria": {
      "in_ruins_land_icy": "2024-10-29 04:10:59 +0000"
    },
    "done": false
  },
  "morevillagers:first_village": {
    "criteria": {
      "snowy": "2024-10-29 04:12:52 +0000"
    },
    "done": true
  },
  "morevillagers:all_villages": {
    "criteria": {
      "snowy": "2024-10-29 04:12:52 +0000"
    },
    "done": false
  },
  "morevillagers:all_professions_traded": {
    "criteria": {
      "fisherman": "2024-10-29 04:14:49 +0000"
    },
    "done": false
  },
  "morevillagers:first_trade": {
    "criteria": {
      "villagertrade": "2024-10-29 04:14:49 +0000"
    },
    "done": true
  },
  "minecraft:adventure/trade": {
    "criteria": {
      "traded": "2024-10-29 04:14:49 +0000"
    },
    "done": true
  },
  "dungeons_arise:find_fishing_hut": {
    "criteria": {
      "location0": "2024-10-29 04:17:55 +0000"
    },
    "done": true
  },
  "aquamirae:adventure/find_ice_maze": {
    "criteria": {
      "deep_frozen_ocean": "2024-10-29 04:40:24 +0000"
    },
    "done": true
  },
  "aquamirae:recipes/pirate_pouch": {
    "criteria": {
      "has_item": "2024-10-29 04:51:32 +0000"
    },
    "done": true
  },
  "aquamirae:recipes/sharp_bones": {
    "criteria": {
      "has_item": "2024-10-29 04:51:33 +0000"
    },
    "done": true
  },
  "aquamirae:recipes/fin": {
    "criteria": {
      "has_item": "2024-10-30 00:02:19 +0000"
    },
    "done": true
  },
  "aquamirae:recipes/sea_stew": {
    "criteria": {
      "has_item": "2024-10-30 00:21:18 +0000"
    },
    "done": true
  },
  "aquamirae:adventure/obtain_esca": {
    "criteria": {
      "esca": "2024-10-30 00:02:19 +0000"
    },
    "done": true
  },
  "aquamirae:adventure/consume_sea_stew": {
    "criteria": {
      "sea_stew": "2024-10-30 00:41:13 +0000"
    },
    "done": true
  },
  "aquamirae:recipes/spinefish": {
    "criteria": {
      "has_item": "2024-10-30 00:16:16 +0000"
    },
    "done": true
  },
  "aquamirae:adventure/obtain_fin": {
    "criteria": {
      "fin": "2024-10-30 00:02:19 +0000"
    },
    "done": true
  },
  "aquamirae:adventure/obtain_dagger_of_greed": {
    "criteria": {
      "dagger_of_greed": "2024-10-30 00:22:20 +0000"
    },
    "done": true
  },
  "aquamirae:recipes/esca": {
    "criteria": {
      "has_item": "2024-10-30 00:02:19 +0000"
    },
    "done": true
  },
  "DataVersion": 3465
}