{
  "takesapillage:root": {
    "criteria": {
      "always": "2024-10-27 03:32:13 +0000"
    },
    "done": true
  },
  "morevillagers:root": {
    "criteria": {
      "always": "2024-10-27 03:32:13 +0000"
    },
    "done": true
  },
  "ancient_elements:ancient_elements": {
    "criteria": {
      "ancient_elements": "2024-10-27 03:32:13 +0000"
    },
    "done": true
  },
  "explorerscompass:explorers_compass_cracked_stone_bricks": {
    "criteria": {
      "has_recipe": "2024-10-27 03:32:13 +0000"
    },
    "done": true
  },
  "dungeons_arise:wda_root": {
    "criteria": {
      "WDA": "2024-10-27 03:32:13 +0000"
    },
    "done": true
  },
  "the_bumblezone:root": {
    "criteria": {
      "instant_granted": "2024-10-27 03:32:13 +0000"
    },
    "done": true
  },
  "the_bumblezone:wiki": {
    "criteria": {
      "instant_granted": "2024-10-27 03:32:13 +0000"
    },
    "done": true
  },
  "repurposed_structures:root": {
    "criteria": {
      "always": "2024-10-27 03:32:13 +0000"
    },
    "done": true
  },
  "lootr:root": {
    "criteria": {
      "always_true": "2024-10-27 03:32:13 +0000"
    },
    "done": true
  },
  "explorerscompass:explorers_compass_cobweb": {
    "criteria": {
      "has_recipe": "2024-10-27 03:32:13 +0000"
    },
    "done": true
  },
  "incendium:technical/new_player": {
    "criteria": {
      "requirement": "2024-10-27 03:32:13 +0000"
    },
    "done": true
  },
  "explorerscompass:explorers_compass": {
    "criteria": {
      "has_recipe": "2024-10-27 03:32:13 +0000"
    },
    "done": true
  },
  "incendium:technical/scroll_of_returning": {
    "criteria": {
      "log_spam_fixer": "2024-10-27 03:32:14 +0000"
    },
    "done": false
  },
  "incendium:technical/sentrys_wrath": {
    "criteria": {
      "log_spam_fixer": "2024-10-27 03:32:14 +0000"
    },
    "done": false
  },
  "incendium:technical/inventory/sentrys_wrath": {
    "criteria": {
      "log_spam_fixer": "2024-10-27 03:32:14 +0000"
    },
    "done": false
  },
  "incendium:technical/multiplex_crossbow": {
    "criteria": {
      "log_spam_fixer": "2024-10-27 03:32:14 +0000"
    },
    "done": false
  },
  "incendium:technical/using/ragnarok": {
    "criteria": {
      "log_spam_fixer": "2024-10-27 03:32:14 +0000"
    },
    "done": false
  },
  "incendium:technical/feed_ghastling": {
    "criteria": {
      "log_spam_fixer": "2024-10-27 03:32:14 +0000"
    },
    "done": false
  },
  "incendium:technical/on_inventory_change": {
    "criteria": {
      "log_spam_fixer": "2024-10-27 03:32:14 +0000"
    },
    "done": false
  },
  "incendium:technical/on_player_hurt": {
    "criteria": {
      "requirement": "2024-10-27 03:32:38 +0000",
      "log_spam_fixer": "2024-10-27 03:32:14 +0000"
    },
    "done": true
  },
  "incendium:technical/using/trailblazer": {
    "criteria": {
      "log_spam_fixer": "2024-10-27 03:32:14 +0000"
    },
    "done": false
  },
  "incendium:technical/firestorm": {
    "criteria": {
      "log_spam_fixer": "2024-10-27 03:32:14 +0000"
    },
    "done": false
  },
  "minecraft:adventure/adventuring_time": {
    "criteria": {
      "minecraft:deep_ocean": "2024-10-27 04:33:49 +0000",
      "minecraft:eroded_badlands": "2024-10-29 03:06:32 +0000",
      "minecraft:cherry_grove": "2024-10-28 05:18:54 +0000",
      "minecraft:sunflower_plains": "2024-10-28 05:22:31 +0000",
      "minecraft:birch_forest": "2024-10-27 05:04:09 +0000",
      "minecraft:bamboo_jungle": "2024-10-29 03:31:36 +0000",
      "minecraft:badlands": "2024-10-29 03:01:36 +0000",
      "minecraft:beach": "2024-10-27 03:41:45 +0000",
      "minecraft:dark_forest": "2024-10-27 05:04:18 +0000",
      "minecraft:sparse_jungle": "2024-10-27 04:20:49 +0000",
      "minecraft:lukewarm_ocean": "2024-10-27 04:04:43 +0000",
      "minecraft:river": "2024-10-27 03:36:43 +0000",
      "minecraft:stony_shore": "2024-10-27 04:39:46 +0000",
      "minecraft:cold_ocean": "2024-10-27 04:39:32 +0000",
      "minecraft:forest": "2024-10-27 03:32:14 +0000",
      "minecraft:deep_cold_ocean": "2024-10-27 04:39:11 +0000",
      "minecraft:desert": "2024-10-27 04:03:49 +0000",
      "minecraft:deep_frozen_ocean": "2024-10-30 00:38:50 +0000",
      "minecraft:jungle": "2024-10-27 03:35:25 +0000",
      "minecraft:ocean": "2024-10-27 04:33:24 +0000",
      "minecraft:warm_ocean": "2024-10-27 04:04:37 +0000",
      "minecraft:deep_lukewarm_ocean": "2024-10-27 04:05:09 +0000",
      "minecraft:flower_forest": "2024-10-28 05:21:39 +0000",
      "minecraft:old_growth_birch_forest": "2024-10-27 23:22:51 +0000",
      "minecraft:meadow": "2024-10-27 20:37:10 +0000",
      "minecraft:savanna": "2024-10-27 04:13:05 +0000",
      "minecraft:plains": "2024-10-27 03:36:51 +0000"
    },
    "done": false
  },
  "incendium:technical/holy_wrath": {
    "criteria": {
      "log_spam_fixer": "2024-10-27 03:32:14 +0000"
    },
    "done": false
  },
  "incendium:technical/on_block": {
    "criteria": {
      "log_spam_fixer": "2024-10-27 03:32:14 +0000"
    },
    "done": false
  },
  "incendium:technical/using/shield": {
    "criteria": {
      "requirement": "2024-10-27 05:11:30 +0000",
      "log_spam_fixer": "2024-10-27 03:32:14 +0000"
    },
    "done": true
  },
  "incendium:technical/inventory/firestorm": {
    "criteria": {
      "log_spam_fixer": "2024-10-27 03:32:14 +0000"
    },
    "done": false
  },
  "incendium:technical/give_ghastling": {
    "criteria": {
      "log_spam_fixer": "2024-10-27 03:32:14 +0000"
    },
    "done": false
  },
  "incendium:technical/on_kill": {
    "criteria": {
      "log_spam_fixer": "2024-10-27 03:32:14 +0000"
    },
    "done": false
  },
  "repurposed_structures:igloos": {
    "criteria": {
      "in_igloo_grassy": "2024-10-27 03:33:42 +0000"
    },
    "done": false
  },
  "minecraft:adventure/root": {
    "criteria": {
      "killed_by_something": "2024-10-27 03:33:55 +0000"
    },
    "done": true
  },
  "dungeons_arise:find_lighthouse": {
    "criteria": {
      "location0": "2024-10-27 03:41:52 +0000"
    },
    "done": true
  },
  "dungeons_arise:find_mechanical_nest": {
    "criteria": {
      "location0": "2024-10-27 03:43:01 +0000"
    },
    "done": true
  },
  "lootr:1chest": {
    "criteria": {
      "opened_chest": "2024-10-27 03:43:14 +0000"
    },
    "done": true
  },
  "lootr:social": {
    "criteria": {
      "opened_barrel": "2024-10-27 03:43:24 +0000",
      "opened_chest": "2024-10-27 03:43:14 +0000"
    },
    "done": false
  },
  "minecraft:story/shiny_gear": {
    "criteria": {
      "diamond_leggings": "2024-10-27 03:43:15 +0000"
    },
    "done": true
  },
  "minecraft:story/smelt_iron": {
    "criteria": {
      "iron": "2024-10-27 03:43:16 +0000"
    },
    "done": true
  },
  "lootr:1barrel": {
    "criteria": {
      "opened_barrel": "2024-10-27 03:43:24 +0000"
    },
    "done": true
  },
  "cavernous:spelunkage": {
    "criteria": {
      "diamond": "2024-10-27 03:44:53 +0000",
      "cobblestone": "2024-10-27 19:22:08 +0000",
      "granite": "2024-10-27 04:53:02 +0000",
      "tuff": "2024-10-27 03:43:30 +0000",
      "cobbled_deepslate": "2024-10-27 04:09:15 +0000",
      "lapis": "2024-10-27 04:09:17 +0000",
      "andesite": "2024-10-29 02:27:09 +0000"
    },
    "done": false
  },
  "minecraft:husbandry/balanced_diet": {
    "criteria": {
      "baked_potato": "2024-10-27 19:42:37 +0000",
      "apple": "2024-10-27 04:08:28 +0000",
      "potato": "2024-10-27 19:33:10 +0000",
      "bread": "2024-10-27 04:11:26 +0000",
      "golden_apple": "2024-10-28 05:06:59 +0000",
      "golden_carrot": "2024-10-27 03:44:39 +0000",
      "carrot": "2024-10-29 02:58:02 +0000"
    },
    "done": false
  },
  "minecraft:husbandry/root": {
    "criteria": {
      "consumed_item": "2024-10-27 03:44:39 +0000"
    },
    "done": true
  },
  "minecraft:story/mine_diamond": {
    "criteria": {
      "diamond": "2024-10-27 03:44:53 +0000"
    },
    "done": true
  },
  "minecraft:adventure/kill_all_mobs": {
    "criteria": {
      "minecraft:pillager": "2024-10-27 20:19:49 +0000",
      "minecraft:skeleton": "2024-10-27 03:52:34 +0000",
      "minecraft:ravager": "2024-10-27 05:18:07 +0000",
      "minecraft:hoglin": "2024-10-27 20:49:09 +0000",
      "minecraft:vindicator": "2024-10-27 05:19:46 +0000",
      "minecraft:magma_cube": "2024-10-27 21:52:24 +0000",
      "minecraft:spider": "2024-10-27 23:05:12 +0000",
      "minecraft:creeper": "2024-10-28 04:31:52 +0000",
      "minecraft:evoker": "2024-10-27 05:13:14 +0000",
      "minecraft:phantom": "2024-10-28 04:20:06 +0000",
      "minecraft:wither_skeleton": "2024-10-27 20:49:45 +0000",
      "minecraft:husk": "2024-10-27 20:46:51 +0000",
      "minecraft:cave_spider": "2024-10-27 19:35:51 +0000",
      "minecraft:vex": "2024-10-27 05:12:05 +0000",
      "minecraft:zombie": "2024-10-27 04:01:34 +0000",
      "minecraft:zombie_villager": "2024-10-27 22:17:18 +0000"
    },
    "done": false
  },
  "minecraft:adventure/kill_a_mob": {
    "criteria": {
      "minecraft:skeleton": "2024-10-27 03:52:34 +0000"
    },
    "done": true
  },
  "aquamirae:adventure/root": {
    "criteria": {
      "crafting_table": "2024-10-27 03:53:15 +0000"
    },
    "done": true
  },
  "minecraft:story/root": {
    "criteria": {
      "crafting_table": "2024-10-27 03:53:15 +0000"
    },
    "done": true
  },
  "cavernous:root": {
    "criteria": {
      "makepickaxe": "2024-10-27 03:53:23 +0000"
    },
    "done": true
  },
  "minecraft:adventure/avoid_vibration": {
    "criteria": {
      "avoid_vibration": "2024-10-27 03:59:01 +0000"
    },
    "done": true
  },
  "dungeons_arise:find_typhon": {
    "criteria": {
      "location0": "2024-10-27 04:05:17 +0000"
    },
    "done": true
  },
  "the_bumblezone:teleportation/is_near_beehive": {
    "criteria": {
      "is_near_beehive": "2024-10-27 04:07:45 +0000"
    },
    "done": true
  },
  "artifacts:amateur_archaeologist": {
    "criteria": {
      "find_artifact": "2024-10-27 04:09:05 +0000"
    },
    "done": true
  },
  "lootr:10loot": {
    "criteria": {
      "loot_stat": "2024-10-27 04:09:06 +0000"
    },
    "done": true
  },
  "lootr:25loot": {
    "criteria": {
      "loot_stat": "2024-10-27 04:20:37 +0000"
    },
    "done": true
  },
  "dungeons_arise:find_illager_corsair_or_illager_galley": {
    "criteria": {
      "location0": "2024-10-27 04:34:25 +0000"
    },
    "done": true
  },
  "minecraft:story/mine_stone": {
    "criteria": {
      "get_stone": "2024-10-27 04:41:00 +0000"
    },
    "done": true
  },
  "cavernous:geology_rocks": {
    "criteria": {
      "cobblestone": "2024-10-27 04:41:00 +0000",
      "granite": "2024-10-27 19:36:23 +0000"
    },
    "done": false
  },
  "cavernous:find_all_biomes": {
    "criteria": {
      "caves": "2024-10-27 04:41:14 +0000",
      "arid_caves": "2024-10-29 02:51:21 +0000",
      "fungal_caves": "2024-10-29 02:49:01 +0000"
    },
    "done": false
  },
  "cavernous:breaking_ground": {
    "criteria": {
      "spelunk": "2024-10-27 04:41:14 +0000"
    },
    "done": true
  },
  "minecraft:story/upgrade_tools": {
    "criteria": {
      "stone_pickaxe": "2024-10-27 04:49:59 +0000"
    },
    "done": true
  },
  "ancient_elements:cosmic_discoverer": {
    "criteria": {
      "cosmic_discoverer": "2024-10-27 04:52:30 +0000"
    },
    "done": true
  },
  "minecraft:story/iron_tools": {
    "criteria": {
      "iron_pickaxe": "2024-10-27 04:54:19 +0000"
    },
    "done": true
  },
  "morevillagers:all_workstations_get": {
    "criteria": {
      "huntingpost": "2024-10-27 22:36:11 +0000",
      "smithingtable": "2024-10-27 04:56:46 +0000",
      "blastfurnace": "2024-10-27 23:18:53 +0000",
      "lectern": "2024-10-27 21:14:27 +0000",
      "stonecutter": "2024-10-27 23:01:01 +0000"
    },
    "done": false
  },
  "morevillagers:first_workstation_get": {
    "criteria": {
      "smithingtable": "2024-10-27 04:56:46 +0000"
    },
    "done": true
  },
  "dungeons_arise:find_wishing_well": {
    "criteria": {
      "location0": "2024-10-27 04:56:56 +0000"
    },
    "done": true
  },
  "biomemakeover:biomemakeover/root": {
    "criteria": {
      "enter_dark_forest": "2024-10-27 05:04:18 +0000"
    },
    "done": true
  },
  "biomemakeover:biomemakeover/enter_dark_forest": {
    "criteria": {
      "enter_dark_forest": "2024-10-27 05:04:18 +0000"
    },
    "done": true
  },
  "biomemakeover:biomemakeover/mansion": {
    "criteria": {
      "ghost_town": "2024-10-27 05:05:52 +0000"
    },
    "done": true
  },
  "minecraft:story/obtain_armor": {
    "criteria": {
      "iron_leggings": "2024-10-27 05:08:35 +0000"
    },
    "done": true
  },
  "minecraft:adventure/sleep_in_bed": {
    "criteria": {
      "slept_in_bed": "2024-10-27 05:14:15 +0000"
    },
    "done": true
  },
  "biomemakeover:biomemakeover/illunite_shard": {
    "criteria": {
      "get_stew": "2024-10-27 05:20:20 +0000"
    },
    "done": true
  },
  "repurposed_structures:mineshafts": {
    "criteria": {
      "in_mineshaft_dark_forest": "2024-10-27 19:35:04 +0000"
    },
    "done": false
  },
  "lootr:50loot": {
    "criteria": {
      "loot_stat": "2024-10-27 19:54:39 +0000"
    },
    "done": true
  },
  "repurposed_structures:ancient_cities": {
    "criteria": {
      "in_ancient_city_ocean": "2024-10-27 20:11:51 +0000"
    },
    "done": false
  },
  "cavernous:expansion/secrets/hints/skull": {
    "criteria": {
      "parent": "2024-10-27 20:21:08 +0000"
    },
    "done": true
  },
  "morevillagers:first_village": {
    "criteria": {
      "plains": "2024-10-27 20:26:12 +0000"
    },
    "done": true
  },
  "morevillagers:all_villages": {
    "criteria": {
      "plains": "2024-10-27 20:26:12 +0000"
    },
    "done": false
  },
  "dungeons_arise:find_heavenly_rider": {
    "criteria": {
      "location0": "2024-10-27 20:33:58 +0000"
    },
    "done": true
  },
  "ancient_elements:can_someone_ventilate": {
    "criteria": {
      "can_someone_ventilate": "2024-10-27 20:38:47 +0000"
    },
    "done": true
  },
  "dungeons_arise:find_bathhouse": {
    "criteria": {
      "location0": "2024-10-27 21:21:41 +0000"
    },
    "done": true
  },
  "alexsmobs:alexsmobs/seagull_steal": {
    "criteria": {
      "ex": "2024-10-27 21:31:32 +0000"
    },
    "done": true
  },
  "dungeons_arise:find_small_blimp": {
    "criteria": {
      "location0": "2024-10-27 21:50:21 +0000"
    },
    "done": true
  },
  "lootr:100loot": {
    "criteria": {
      "loot_stat": "2024-10-27 22:16:22 +0000"
    },
    "done": true
  },
  "alexsmobs:alexsmobs/banana": {
    "criteria": {
      "banana": "2024-10-27 22:37:57 +0000"
    },
    "done": true
  },
  "dungeons_arise:find_heavenly_challenger": {
    "criteria": {
      "location0": "2024-10-28 04:15:40 +0000"
    },
    "done": true
  },
  "deeperdarker:main/kill_all_sculk_mobs": {
    "criteria": {
      "phantom": "2024-10-28 04:20:06 +0000"
    },
    "done": false
  },
  "minecraft:story/form_obsidian": {
    "criteria": {
      "obsidian": "2024-10-29 02:19:51 +0000"
    },
    "done": true
  },
  "repurposed_structures:pyramids": {
    "criteria": {
      "in_pyramid_ocean": "2024-10-29 02:30:23 +0000"
    },
    "done": false
  },
  "dungeons_arise:find_coliseum": {
    "criteria": {
      "location0": "2024-10-29 02:48:04 +0000"
    },
    "done": true
  },
  "biomemakeover:biomemakeover/cladding_template": {
    "criteria": {
      "get_disc": "2024-10-29 02:55:45 +0000"
    },
    "done": true
  },
  "minecraft:adventure/voluntary_exile": {
    "criteria": {
      "voluntary_exile": "2024-10-29 02:56:29 +0000"
    },
    "done": true
  },
  "biomemakeover:biomemakeover/crude_cladding": {
    "criteria": {
      "get_disc": "2024-10-29 02:56:30 +0000"
    },
    "done": true
  },
  "alexsmobs:alexsmobs/emu": {
    "criteria": {
      "killed_by": "2024-10-29 02:59:51 +0000"
    },
    "done": true
  },
  "biomemakeover:biomemakeover/enter_badlands": {
    "criteria": {
      "enter_badlands1": "2024-10-29 03:01:36 +0000"
    },
    "done": true
  },
  "biomemakeover:biomemakeover/ghost_town": {
    "criteria": {
      "ghost_town": "2024-10-29 03:04:57 +0000"
    },
    "done": true
  },
  "alexsmobs:alexsmobs/guster": {
    "criteria": {
      "killed_by": "2024-10-29 03:23:50 +0000"
    },
    "done": true
  },
  "alexsmobs:alexsmobs/tarantula_hawk": {
    "criteria": {
      "killed_by": "2024-10-29 03:24:53 +0000"
    },
    "done": true
  },
  "dungeons_arise:find_thornborn_towers": {
    "criteria": {
      "location0": "2024-10-29 03:37:49 +0000"
    },
    "done": true
  },
  "aquamirae:adventure/find_ice_maze": {
    "criteria": {
      "deep_frozen_ocean": "2024-10-30 00:38:50 +0000"
    },
    "done": true
  },
  "DataVersion": 3465
}